nombre,usuario,fecha,texto,emoticon,cantidad_comentarios,cantidad_likes,cantidad_retweets,link
Gustavo Petro,Gustavo Petro,,,,,,,
Gustavo Petro,Gustavo Petro,2021-05-06T03:47:34.000Z,"Les propongo hacerla si decretan la conmoci√≥n interior. Les propongo que todo el sur, el occidente, el centro oriente, el centro y el norte salgan de sus casas a marchar.

Les propongo hacer esa fiesta en honor de tanto joven que sale en Colombia a luchar por otro futuro mejor.",,244,1.8K,9.7K,https://twitter.com/petrogustavo/status/1390151226034212864
Gustavo Petro,Gustavo Petro,2021-05-06T03:47:34.000Z,"Que no sea una marcha mia, sino de la gente, yo ir√© all√≠, como uno m√°s. No vamos a hablar de votos, ni elecciones , solo a pedir como una Bogot√° Humana Democracia y Paz para Colombia.",,496,2.8K,15.6K,https://twitter.com/petrogustavo/status/1390151227049136129
Gustavo Petro,Gustavo Petro,2021-05-06T03:47:35.000Z,"Bogot√° una vez hizo una marcha del silencio cuando m√°s se necesitaba, ¬øPor qu√© no hacemos una marcha de un mill√≥n de personas que clamen por la paz y la justicia? Hoy tambien es necesario

Invito a la iglesia cat√≥lica a participar, al comit√© de paro, a toda la juventud, a todos",,443,2.9K,16.2K,https://twitter.com/petrogustavo/status/1390151228064243712
Esteban Gamarra,Esteban Gamarra,2021-05-06T03:47:55.000Z,"Replying to 
@petrogustavo",,,,7,https://twitter.com/Esteban78057736/status/1390151314391420929
Joshtein,Joshtein,2021-05-06T03:48:17.000Z,"Adopteme, se√±orito miel ",,17,9,350,https://twitter.com/Joshtein4/status/1390151405944676354
Juan B. Ruiz,Juan B. Ruiz,2021-05-06T18:12:29.000Z,"Ser√° para que lo deje morir como a la perrita Bacat√° que Petro adopt√≥, pos√≥ en unas cuantas fotos con ella con fines de propaganda, y luego la tir√≥ por ah√≠ y la mataron unos perros callejeros.",,2,,1,https://twitter.com/Juan_B_Ruiz/status/1390368888282550272
Ô£øClauSegura,Ô£øClauSegura,2021-05-06T03:48:20.000Z,"Una marcha en silencio, as√≠ seria ideal, solo camisetas blancas y en completo silencio",,5,12,216,https://twitter.com/Lilith7705/status/1390151419806683139
Santiago N√∫√±ez. ‚í∂,Santiago N√∫√±ez. ‚í∂,2021-05-06T03:52:26.000Z,,,6,14,137,https://twitter.com/santiagonuezare/status/1390152451173621762
,,2021-05-06T03:47:34.000Z,,,,,,https://twitter.com/petrogustavo/status/1390151227049136129
,,2021-05-06T03:47:35.000Z,"Bogot√° una vez hizo una marcha del silencio cuando m√°s se necesitaba, ¬øPor qu√© no hacemos una marcha de un mill√≥n de personas que clamen por la paz y la justicia? Hoy tambien es necesario

Invito a la iglesia cat√≥lica a participar, al comit√© de paro, a toda la juventud, a todos",,443,2.9K,16.2K,https://twitter.com/petrogustavo/status/1390151228064243712
Daniel Buitrago,Daniel Buitrago,2021-05-06T03:48:23.000Z,"Invite a 
@Residente
 eso de seguro viene",,13,26,431,https://twitter.com/danielbuitrag0/status/1390151431295062016
Andre,Andre,2021-05-06T03:52:06.000Z,"Buena idea 
@Residente",,,5,63,https://twitter.com/AndreSalazar5/status/1390152365500731397
Mauricio Rodr√≠guez Amaya,Mauricio Rodr√≠guez Amaya,2021-05-06T03:48:26.000Z,"Solo diga donde, que lo que nos queda es Dignidad, dignidad de verdad.",,2,1,31,https://twitter.com/ApuntadeLengua/status/1390151444888707073
Cabeza de Kiwi,Cabeza de Kiwi,2021-05-06T03:48:30.000Z,Pero espero nos acompa√±e se√±or Petro! Es facil decir pero queremos su compromiso al salir a Marchar.,,2,,48,https://twitter.com/Cabeza_de_kiwi/status/1390151461393285126
Elsa Gamez,Elsa Gamez,2021-05-06T09:07:26.000Z,"Escuche lo que le pide la gente a Petro, que no salga. Podemos marchar sin √©l,  para eso no lo necesitamos ah√≠.",,1,,2,https://twitter.com/ElsaGamez16/status/1390231724244807684
Zeus,Zeus,2021-05-06T03:48:57.000Z,TIENE QUE SER MUY TEMPRANO POR QUE EN LA NOCHE SALEN LOS VERDEOLIVA A ASESINAR,,,3,57,https://twitter.com/Zzeeuuss2021/status/1390151573980934150
Jose Guio,Jose Guio,2021-05-06T03:49:10.000Z,"Hasta la muerte 
@petrogustavo
 hasta la muerte te acompa√±amos
Te necesitamos m√°s que nunca",,3,2,36,https://twitter.com/JoseEGuio/status/1390151629895311364
ElCoyote,ElCoyote,2021-05-06T06:22:32.000Z,Una marcha COVID19 tiene raz√≥n! Hasta la muerte!,,2,1,1,https://twitter.com/ElcoyoteLpez/status/1390190223909441536
Daniela,Daniela,2021-05-06T03:49:15.000Z,Se√±or lo amooel tiempo le esta dando la raz√≥n.,,1,2,61,https://twitter.com/Daniela20446633/status/1390151650740948994
CarAndRinGue,CarAndRinGue,2021-05-06T03:49:30.000Z,Totalmente... es hora que la cultura y la pol√≠tica de la vida humana muestre que somos millones...,,,6,66,https://twitter.com/CarAndRinGue2/status/1390151713097756675
Diego Fernando Bravo,Diego Fernando Bravo,2021-05-06T03:50:01.000Z,"Esta marcha si la est√° proponiendo Petro,  y ojo 
@VickyDavilaH
 , est√° diciendo que en completa paz.",,1,1,31,https://twitter.com/Diego_Bravo25/status/1390151841791479809
Ludwig Hetfield,Ludwig Hetfield,2021-05-06T04:00:09.000Z,GIF,,,1,3,https://twitter.com/LudwigHetfield/status/1390154390326157313
xavier carrillo,xavier carrillo,2021-05-06T03:50:30.000Z,No salga senador.... no se ponga de papaya.,,1,1,32,https://twitter.com/xaviernes/status/1390151963292151814
Laura Jim√©nez,Laura Jim√©nez,2021-05-06T03:50:32.000Z,El arte ,,1,17,66,https://twitter.com/amarillalatina/status/1390151973593309195
pedro urquijo,pedro urquijo,2021-05-06T03:51:47.000Z,Primera vez que estoy de acuerdo con usted pero no a la plaza de Bol√≠var la plaza de Bol√≠var es donde se citan a pelear porque no al norte 170 con 7 se pone una tarima y se invita artistas y que sea la marcha de la paz cero politiquer√≠a,,3,10,175,https://twitter.com/UrquijoPedro/status/1390152287482523648
Carlos Tao.,Carlos Tao.,2021-05-06T03:51:52.000Z,H√°gale pap√° ,,1,2,13,https://twitter.com/CarlosE91647320/status/1390152305417273344
lucecita,lucecita,2021-05-06T03:52:17.000Z,"No salga Por favor! lo necesitamos vivo, esto es una masacre y si saben que est√° en la calle es un blanco f√°cil para los paramilitares.",,6,12,206,https://twitter.com/lucecit31257727/status/1390152413877874690
Maria F Sandoval,Maria F Sandoval,2021-05-06T03:53:37.000Z,Mmmm Ya somos como Venezuela .....,,4,,20,https://twitter.com/MariaFSandoval3/status/1390152749589880834
JOHANA,JOHANA,2021-05-06T03:52:35.000Z,"Si el ESMAD v√°, yo no voy.",,1,2,23,https://twitter.com/data1816/status/1390152489345949696
Angie,Angie,2021-05-06T03:53:15.000Z,"Prep√°rate porque ahora te van a llamar oportunista, incendiario, mezquino. Ac√° te culpan de todo, por acci√≥n o por omisi√≥n. Malo que calles, malo que hables... Cuenta conmigo ",,2,24,400,https://twitter.com/Angiegars/status/1390152656442822662
WISTON,WISTON,2021-05-06T03:53:38.000Z,"Replying to 
@petrogustavo",,3,7,16,https://twitter.com/Freddymor817/status/1390152751938740226
Hamburguesas,Hamburguesas,2021-05-06T03:53:50.000Z,"Mk, menos de 5 minutos, todos los like que genera un trino de Petro, eso es lo que emberraca al Paraco, al Tibio y a la ex- Gritona.",,11,11,113,https://twitter.com/HamburguesaMala/status/1390152802366787592
Porky,Porky,2021-05-06T10:51:26.000Z,"Yina Calder√≥n tambi√©n tiene muchos likes. 

¬øLa van a volver ministra?",,3,,15,https://twitter.com/iLordPorky/status/1390257892725563393
Viktor Contreras,Viktor Contreras,2021-05-06T03:54:54.000Z,"All√° estar√© luchando y viviendo esa fiesta por qu√© colombia nos tiene que escuchar. Gracias Petro 
#SOSPereira #SOSColombiaDDHH",,3,19,116,https://twitter.com/viktorclop/status/1390153068877078530
Bernaluchi,Bernaluchi,2021-05-06T03:55:32.000Z,"Buena idea pero senador no se exponga los buitres est√°n esperando eso ! Que usted salga para  inflintar y luego culpable,a usted lo necesitamos vivo y libre",,1,2,25,https://twitter.com/BernalUcc/status/1390153230533988352
Andre London,Andre London,2021-05-06T03:56:42.000Z,Desde Argentina nos acompa√±amos !!!,,3,6,17,https://twitter.com/Andrulondon/status/1390153522688233476
Remy Gal√°n Navarro,Remy Gal√°n Navarro,2021-05-06T04:00:10.000Z,Ud me representa amigo ,,1,,30,https://twitter.com/remygalan/status/1390154396475043842
Jess Microbichota,Jess Microbichota,2021-05-06T03:56:58.000Z,"Petro, yo estoy con ud. 
Tiene mi apoyo totalmente, siempre lo ha tenido y mi voto ha sido y ser√° para ud. Ud ser√° nuestro pr√≥ximo presidente!!",,23,9,329,https://twitter.com/jessbichos/status/1390153588740136961
FaridconD,FaridconD,2021-05-06T03:57:46.000Z,"Claro que s√≠, ac√° en Cali replicaremos tambi√©n.",,,3,11,https://twitter.com/DFaridcon/status/1390153791702540288
jaco,jaco,2021-05-06T03:58:14.000Z,"No te quit√©s votos, sos muy inteligente para saber que el pueblo no quiere una marcha dirigida por un pol√≠tico. No te hag√°s ese da√±o . ",,3,1,67,https://twitter.com/Jaco13W/status/1390153911487668229
Alejo Torres,Alejo Torres,2021-05-06T04:00:19.000Z,"""Que no sea una marcha mia, sino de la gente, yo ir√© all√≠, como uno m√°s. No vamos a hablar de votos, ni elecciones , solo a pedir como una Bogot√° Humana Democracia y Paz para Colombia."". Es un hilo. Lea todos los tuits.",,4,,64,https://twitter.com/AlejoTorres27/status/1390154434815086593
Cristi√°n Sanchez,Cristi√°n Sanchez,2021-05-06T03:59:12.000Z,"@petrogustavo
 podr√≠a llamarse la marcha de la Paz y la Reconciliaci√≥n. Con banderas blancas, camisetas blancas.",,3,13,111,https://twitter.com/SanchezCaicedoC/status/1390154152043585545
William Arango A,William Arango A,2021-05-06T15:42:25.000Z,"Petro por su vida no salga a marchar 
@AlvaroUribeVel
 te quiere muerto.",,1,,,https://twitter.com/arango_william/status/1390331122320650243
Progresista2022,Progresista2022,2021-05-06T03:59:41.000Z,Voy senador PETRO,,1,6,28,https://twitter.com/progresista2022/status/1390154273539887105
Carlos Cort√°zar ** TFT HIDEKI **,Carlos Cort√°zar ** TFT HIDEKI **,2021-05-06T04:00:11.000Z,"Las marchas est√°n desde hace una semana, como un poco tarde...",,2,,1,https://twitter.com/TFTHideki/status/1390154399687888896
IndignadaYLejosDeCasa,IndignadaYLejosDeCasa,2021-05-06T06:54:39.000Z,Pero ahora ser√≠a idea de √©l entonces es mejor (?),,2,,,https://twitter.com/Diana_Gubler/status/1390198304181350401
Deiby LI,Deiby LI,2021-05-06T04:02:07.000Z,Lastima que no viva en Bogot√° pero total apoyo ! Pensar que hay personas que le dicen incendiario por hablar de democracia y paz. Como si salir a protestar pidiendo democracia fuera un acto de terrorismo.,,9,17,225,https://twitter.com/makotosoda94/status/1390154885451161600
Yona Rincon,Yona Rincon,2021-05-06T04:02:44.000Z,,,,3,22,https://twitter.com/YonaRincon/status/1390155040862650378
Katrina,Katrina,2021-05-06T04:03:19.000Z,"Listo! Yo lo acompa√±o 
@petrogustavo
 
P√≥ngale fecha",,1,7,77,https://twitter.com/MilesHMora2/status/1390155188208640001
Yolanda Puentes,Yolanda Puentes,2021-05-18T00:22:58.000Z,Noooo queremos y necesitamos a Petro vivo,,,,,https://twitter.com/YolandaPuentes8/status/1394448390285578241
C√©sar H. Castro Cruz,C√©sar H. Castro Cruz,2021-05-06T04:04:16.000Z,"Vamos para esa. 
Eso si comprometernos que a v√°ndalo que veamos lo detenemos y entregamos a Comisiones de Derechos Humanos.",,1,13,74,https://twitter.com/Guambiano01/status/1390155427363627008
CICUTO,CICUTO,2021-05-06T04:05:30.000Z,Hagamos un mill√≥n de Retwees de esta convocatoria.,,1,9,24,https://twitter.com/Cicuto7/status/1390155739885416448
Arturo Rodriguez,Arturo Rodriguez,2021-05-06T04:05:44.000Z,Me uno a esa marcha una vez m√°s por la paz y por el fin de la brutalidad policial en Colombia.,,1,6,51,https://twitter.com/arturo2driguez/status/1390155796009390080
@BATCol2021,@BATCol2021,2021-05-06T04:07:16.000Z,Primero paga para que acaben con todo y luego ca√±ando de l√≠der?,,,5,14,https://twitter.com/BATCol2021/status/1390156182397100032
El Barto Chibchombiano,El Barto Chibchombiano,2021-05-06T04:10:45.000Z,Chandateiro se frota las manos...,,1,6,79,https://twitter.com/FilosofoBart/status/1390157060164235264
EDUARDO,EDUARDO,2021-05-06T04:11:16.000Z,Ah√≠ esta el demonio de Petro queriendo pasar como un angelito.,,1,2,15,https://twitter.com/EduardoZR12/status/1390157188941893633
Ana Maria M.,Ana Maria M.,2021-05-06T04:12:14.000Z,"Usando petrodelirios una vez m√°s  a la poblaci√≥n civil para ponerlos de carne de ca√±√≥n e ir en contra de las instituciones?... Ud es un terrorista, jam√°s tendr√° esta patria.",,25,12,75,https://twitter.com/AnaMa197/status/1390157434547806214
carolinaguevara,carolinaguevara,2021-05-06T13:04:50.000Z,"Ana Delirios tu narrativa es vieja y muy tonta. Colombia no es de nadie, porque es pluralista y dem√≥crata. Deja la obsesi√≥n por Gustavo, argumenta razonadamente y cambia tu lenguaje.  No dejes ver tu incapacidad de cambio.",,2,1,11,https://twitter.com/caroglarrota/status/1390291464513540097
Liliana C.,Liliana C.,2021-05-06T04:12:24.000Z,"Petro, lo queremos y lo necesitamos vivo, no hay que arriesgarse ",,2,5,72,https://twitter.com/lilicatadiaz/status/1390157475475820546
AnaMa,AnaMa,2021-05-06T04:12:24.000Z,"Despu√©s dice que no es usted el que llama sus borregos a marchas, tranquilo ellos obedecen tiene ese cerebro de man√≠ , listos esperando su titiritero.",,20,3,32,https://twitter.com/leon8193/status/1390157475773616128
JJSAW,JJSAW,2021-05-06T06:38:32.000Z,"Con verle esa cara se ve la decadencia del uribismo que al pasar de los d√≠as envejecen con su l√≠der decr√©pito c√≥mo ustedes...sigue as√≠, perdiendo d√≠a tras d√≠a en tu discurso que solo repite lo que mal aprende...",,1,,6,https://twitter.com/jjsaw1980/status/1390194251238191106
Alby,Alby,2021-05-06T04:12:32.000Z,"De una! Yo voy con mis hijos y algunos amigos. Una marcha como la de hoy en el parque los hippies totalmente pac√≠fica.
 Cuenta con eso, Senador y Principal L√≠der de la Oposici√≥n Gustavo Petro.",,1,3,17,https://twitter.com/Alby33108128/status/1390157507167989761
Madame Simone,Madame Simone,2021-05-06T04:13:40.000Z,"Petro, no se arriesgue, ud ser√° presidente,  no se arriesgue as√≠, lo necesitamos vivo  muerto no nos sirve de nada y si est√°n matando a cualquiera s√≥lo por ir caminando... en fin, tenga cuidado  lo quiero mucho  esos asesinos est√°n dispuestos a todo.",,13,96,640,https://twitter.com/MadameSiimone/status/1390157794574323714
Jorge Salamanca Vilardy,Jorge Salamanca Vilardy,2021-05-06T04:16:37.000Z,"Es cierto
Pero debe hacerlo y junto a toda la oposici√≥n",,3,10,61,https://twitter.com/JorgeSa17406507/status/1390158534160101377
MANUEL GONZALEZ,MANUEL GONZALEZ,2021-05-06T04:14:42.000Z,"""Pido la palabra"" Me le mido, siempre que usted se quede en  casa. Usted no les puede dar el papayaso de que lo asesinen, recuerde lo de Cucuta. Muchos esperan eso para despejar el camino.",,3,23,149,https://twitter.com/MAGODELASINTONI/status/1390158055048941569
ùì¶ùì≤ùìµùì≤ùìº ùì°ùìæùì≤ùîÉ ùìì√≠ùì™ùîÉ,ùì¶ùì≤ùìµùì≤ùìº ùì°ùìæùì≤ùîÉ ùìì√≠ùì™ùîÉ,2021-05-06T04:15:21.000Z,"Algunos extranjeros tienen m√°s sentido de pertenencia q muchos  Ej.:
@Residente
 @justinbieber
... Creer√≠a q extendi√©ndole la invitaci√≥n hasta podr√≠an venir a solidarizarse con nuestro pueblo masacrado por #√ÅUV 
@IvanDuque
 @COL_EJERCITO
 @PoliciaColombia
 @Diego_Molano
 @CeDemocratico",,11,31,45,https://twitter.com/wilis_rd/status/1390158219088220163
ùì¶ùì≤ùìµùì≤ùìº ùì°ùìæùì≤ùîÉ ùìì√≠ùì™ùîÉ,ùì¶ùì≤ùìµùì≤ùìº ùì°ùìæùì≤ùîÉ ùìì√≠ùì™ùîÉ,2021-05-06T05:40:09.000Z,,,7,34,69,https://twitter.com/wilis_rd/status/1390179558910013442
MILTON ALBERTO ROJAS,MILTON ALBERTO ROJAS,2021-05-06T04:18:26.000Z,Firme!,,,1,12,https://twitter.com/MILTONALBERTORO/status/1390158992878485505
MANUEL VIVERO,MANUEL VIVERO,2021-05-06T04:19:35.000Z,"Es lo que quiere 
@ClaudiaLopez
 , Colombia sabe que ud sera el pr√≥ximo Presidente,con la Constituci√≥n del 91,se transformara a Colombia,no se exponga ante las hienas y lobos, puede haber francotiradores extranjeros y si sale que sea en vehiculo blindado, buscan conmoci√≥n interior.",,2,18,44,https://twitter.com/ManuelViveroB/status/1390159284374327303
Camilo,Camilo,2021-05-06T04:19:37.000Z,"No Petro. No se puede exponer. 
Usted es la esperanza de todo un pa√≠s y no debe salir a exponerse.
Colombia no puede quedar sin su l√≠der.",,1,16,117,https://twitter.com/EngKronos11/status/1390159289377976320
Tob√≠as Robin,Tob√≠as Robin,2021-05-06T04:21:36.000Z,Eso es lo que quiere uribe para asesinarlo,,,1,16,https://twitter.com/TobiasToxitek/status/1390159790412898311
jorge giraldo,jorge giraldo,2021-05-06T04:19:38.000Z,"Con est√°s camisetas senador, este es mi emprendimiento ac√° en Medell√≠n senador",,,1,1,https://twitter.com/jorgegiraldo3/status/1390159296546197504
Carlos Alberto Cardozo Cardozo,Carlos Alberto Cardozo Cardozo,2021-05-06T04:20:33.000Z,"En 1948, Jorge Eli√©cer Gait√°n Ayala (1903-1948) la realiz√≥. La revista Semana (1946-1961) reaccion√≥ de esta manera. Gait√°n fue asesinado. Gustavo Petro (1960-) recibir√° las mismas criticas 73 a√±os despu√©s y la persecuci√≥n de ""Los P√°jaros"" (paramilitares).",,1,2,3,https://twitter.com/Cabezaborrador/status/1390159525966196739
Celso Tete Crespo,Celso Tete Crespo,2021-05-06T04:22:16.000Z,"Que sea como la que hizo Jorge Eli√©cer Gait√°n en 1.948, llamada: ""La marcha del Silencio"" la m√°s grande marcha contra la violencia registrada en COL hasta ese momento.",,56,917,5.5K,https://twitter.com/elsemblante/status/1390159958826786826
Camilo A.,Camilo A.,2021-05-06T04:25:03.000Z,"Me parece inoportuno ahora q Petro se exponga, el pa√≠s est√° convulsionando, lo pueden salir matando.
H√°game q desista d esa Locura.",,33,87,1K,https://twitter.com/CamiloAndP/status/1390160658801516545
George Bola√±os,George Bola√±os,2021-05-06T04:23:54.000Z,C√≥mo dir√≠amos aqu√≠ en Cali: ‚ÄúDe cabezaaaa‚Äù,,,3,10,https://twitter.com/george_fitworld/status/1390160367972651009
Arturo Rodriguez,Arturo Rodriguez,2021-05-06T04:26:19.000Z,#UnMillonDeVocesPorLaPaz,,,4,9,https://twitter.com/arturo2driguez/status/1390160978357198851
Jos√© Mercado Amor por Colombia,Jos√© Mercado Amor por Colombia,2021-05-06T04:31:06.000Z,"Lo queremos vivos para el 2022 qu√©dese quieto viejo 
@petrogustavo
 que el gobierno narco est√° desesperado y lo pueden estar matando y cr√©ame que eso no vaya a suceder por ya ellos saben los que se les viene.",,1,3,23,https://twitter.com/JosIMercado2/status/1390162181929541633
Bati Alvaro,Bati Alvaro,2021-05-06T04:31:27.000Z,"@petrogustavo
 se quiere ahorcar y eliminar las esperanzas q tenemos d q sea nuestro presidente. Un solo infiltrado se tira la faena, un solo alienado, le quita la vida...un solo motivo y lo inhabilitan. 
@GustavoBolivar
 @IvanCepedaCast
@AidaAvellaE
 @GNavasTalero
 RT
VEN, SEREMOS !!",,9,73,206,https://twitter.com/AlvaroOrjuelaG2/status/1390162267392647172
*Legonstruction* Gabriel Maussa,*Legonstruction* Gabriel Maussa,2021-05-06T04:34:06.000Z,"A ti, ni se te ocurra salir. Quieres hacer otro Gait√°n o Luis Carlos Gal√°n? La primera que coordine un acto de esos es la mism√≠sima 
@ClaudiaLopez
 y Zapateiro la secundar√≠a!!!",,1,2,15,https://twitter.com/gamaussa/status/1390162936635723782
#FirmesConPetro,#FirmesConPetro,2021-05-06T04:38:27.000Z,"Petro, ud ser√° el presidente de Colombia, lo necesitamos vivo.
La lucha esta vez la da pueblo. 
#SOSColombiaNosEstanMatando",,2,7,33,https://twitter.com/AntonioCR1974/status/1390164029595955202
Tomasita Bojato Urieles,Tomasita Bojato Urieles,2021-05-06T04:40:17.000Z,"No mi amor, tu te quedas donde estas bien resguardadito, xq lo q ellos esperan con ansias es q tu les des papaya y no queremos mas martires...te queremos vivo y asi poder en las urnas arrebatarles el poder y hacerte mi presidente y el de millones, en 1era vuelta lo conseguiremos",,1,5,16,https://twitter.com/moni_gonza/status/1390164492034744321
Armando Gomez,Armando Gomez,2021-05-06T04:41:05.000Z,"Por favor Senador 
@petrogustavo
 ud no tiene que demostrarle a nadie que el pueblo lo sigue, no caiga en emboscadas provocadas por sus enemigos pol√≠ticos 
@ClaudiaLopez
 y dem√°s.
Ud se debe cuidar, porque el pa√≠s lo necesita, sensatez ante todo  !!
OJO VIVO   !!",,1,16,85,https://twitter.com/ArmandoSentidos/status/1390164692950208514
Palmer,Palmer,2021-05-06T04:52:02.000Z,"Petro, usted no debe organizar marchas, usted debe hacer lo que hizo en esta, ser un estadista, lo demostr√≥ en sus dos alocuciones. Claudia L√≥pez reviento de envidia. No destroce con los pies, lo que hizo con las manos. Lo queremos como presidente, no le de ese papayaso a Uribe.",,7,99,608,https://twitter.com/palmer1505/status/1390167450507956225
Artemisa,Artemisa,2021-05-06T04:54:09.000Z,"De acuerdo 
@petrogustavo
 lo queremos vivo. No salga.",,5,54,377,https://twitter.com/avc_ange/status/1390167981896916996
elbuenliberal,elbuenliberal,2021-05-06T04:54:43.000Z,Qu√©dese en su casa o en el congreso. All√° es donde lo necesitamos. No conf√≠e en el.uribismo jam√°s.,,1,3,12,https://twitter.com/librepensador04/status/1390168124826308609
Don Gato,Don Gato,2021-05-06T04:58:29.000Z,"No senador, qu√©dese quieto, quieren involucrarnos, lo har√°n responsable de todo",,,,10,https://twitter.com/jebelapa/status/1390169073682722817
Carlos Mogoll√≥n,Carlos Mogoll√≥n,2021-05-06T04:59:54.000Z,"Gustavo. No vaya a cometer el error de Luis Carlos Gal√°n. Gal√°n era el presidente de Colombia, no era necesario ir a Soacha. Y nos cost√≥ un Cesar Gaviria, un Andr√©s Pastrana y un Alvaro Uribe. No hay garant√≠as en las calles.",,2,15,78,https://twitter.com/coleopteroazul/status/1390169428583718913
#cabalpresidenta2022,#cabalpresidenta2022,2021-05-06T17:54:14.000Z,Compar a Petro con Luis Carlos Galan ....es de K-pop,,,,2,https://twitter.com/JuanAlv26439725/status/1390364296522223619
HERN√ÅN AGUIRRE,HERN√ÅN AGUIRRE,2021-05-06T05:01:16.000Z,"¬°Vamos Petro! Hagamos historia con esa marcha de un mill√≥n de manifestantes y pid√°mosle desde ya a la Fuerza P√∫blica que se una al Pueblo, que no est√© m√°s del lado de los traidores, que la masacre no es el camino.",,9,128,485,https://twitter.com/HernnAguirre6/status/1390169774144081923
Viralart3,Viralart3,2021-05-06T05:26:53.000Z,"Petro no te arriesgues.... Vamos el pueblo pero t√∫ debes cuidarte porque te queremos en la presidencia el pr√≥ximo a√±o.

Luis Carlos Gal√°n 
Carlos Pizarro 
Jorge Eliecer Gait√°n.

Pudieron cambiar el pa√≠s pero a los poderosos no les conven√≠a y por eso los silenciaron

Cu√≠date porfa",,13,73,386,https://twitter.com/Viralart3/status/1390176218843127808
Poder de Acci√≥n Social,Poder de Acci√≥n Social,2021-05-06T05:04:07.000Z,"Senador Petro:

Usted conoce bien al uribismo, son capaces de contratar tiradores de precisi√≥n para atentar contra su vida.

Permita que la gente salga sin presi√≥n ni agendas, que solita se organice. Usted de seguro tiene bastante trabajo: el Programa de Gobierno que  necesita.",,25,66,364,https://twitter.com/PoderAccionSoci/status/1390170491172884481
H. Fonseca,H. Fonseca,2021-05-06T05:06:47.000Z,"Se√±or 
@petrogustavo
 

No s√© exponga m√°s de lo necesario!

Adem√°s, est√° manifestaciones son SOLO DEL PUEBLO!",,1,8,110,https://twitter.com/HFonsec92085163/status/1390171161275904004
Miguel Garc√≠a Ram√≠rez,Miguel Garc√≠a Ram√≠rez,2021-05-06T05:05:24.000Z,"A Ud 
@petrogustavo
 COLOMBIA te necesita SANO, FUERTE y LIBRE para q asuma la PRESIDENCIA 2022. 

De por DIOS, NO SALGA, NO de PAPAYA, CU√çDATE, Colombia te necesita VIVO
@GustavoBolivar
 @IvanCepedaCast
 @AidaAvellaE
 @DavidRacero
 @JuanTrujilloC
 @AUGUSTOOCAMPO
 @maryluzherran",,,8,23,https://twitter.com/Miguel50Garcia/status/1390170812011921408
Diana,Diana,2021-05-06T05:14:37.000Z,"Primero dice ‚Äúme acompa√±ar√≠an?‚Äù, luego dice que es uno m√°s, me siento enga√±ada y confundida. He defendido las marchas y discuto en el grupo familiar de Wapp defendiendo las marchas, pero veo que detr√°s de todo esto hay hambre de poder. No es suficiente todo lo que est√° pasando?",,1,,2,https://twitter.com/Diana34792332/status/1390173131243991041
Juan Forero,Juan Forero,2021-05-06T05:42:19.000Z,Excelente comentario. Veo oportunismo en esta propuesta.,,1,,2,https://twitter.com/foreropa27/status/1390180101640409093
Maraiano Luis Ricardo,Maraiano Luis Ricardo,2021-05-06T05:16:25.000Z,"Eso solo lo puede hacer la gente de buen coraz√≥n, como cu√°ndo marchamos contra los grupos narcoguerrilleros ¬øTe acuerdas? En cambio usted est√° rodeada de v√°ndalos, delincuentes, terroristas, narcos, cocaleros, drogadictos, secuestradores, ped√≥filos ¬øSi ve la diferencia?",,2,10,26,https://twitter.com/LuisMaraiano/status/1390173584304259073
Colombia Unida,Colombia Unida,2021-05-07T01:43:23.000Z,Tiene pruebas de lo que escribe o es solo por repetir lo que Uribe diga? Hablar mierda es f√°cil no?,,,,,https://twitter.com/Paislibreya/status/1390482359275999233
faiver mendez,faiver mendez,2021-05-06T05:22:28.000Z,As√≠ lo queremos ver Petro,,,1,1,https://twitter.com/faiver29/status/1390175106471800834
Camila Manzanares#PorLaVida Edilesa Teusaquillo,Camila Manzanares#PorLaVida Edilesa Teusaquillo,2021-05-06T05:30:14.000Z,"Por supuesto que s√≠. Somos la generaci√≥n de la paz, la alegr√≠a y la democracia. Adem√°s en el marco de la conmemoraci√≥n de 30 a√±os de la constituci√≥n del 91. Lo acompa√±amos",,,10,79,https://twitter.com/camilaporlavida/status/1390177062418325505
Otro bogotano m√°s...,Otro bogotano m√°s...,2021-05-06T05:30:20.000Z,"Me gusta la idea... Pero no lo queremos en el pr√≥ximo billete de 1000...lo necesitamos vivo para que llegue a la presidencia... No queremos otro 9 de abril 
#PetroPresidente2022",,,4,24,https://twitter.com/otrobogotanomas/status/1390177087961587712
CasandraAnam,CasandraAnam,2021-05-06T05:37:42.000Z,"Senador
Usted no debe asistir a marchas
Usted debe cuidarse para  Colombia
No les vaya  dar ese payaso
Ellos est√°n esperando una palabra,una frase,una opini√≥n,una acci√≥n suya que les de motivo u oportunidad para acabarlo...",,2,17,83,https://twitter.com/CasandraAnam/status/1390178939184861184
mauricio,mauricio,2021-05-06T05:38:17.000Z,"Gracias al periodista , o si no lo matan.",,2,2,3,https://twitter.com/giocasur/status/1390179087805829121
Grupo Gama,Grupo Gama,2021-05-06T05:38:25.000Z,"Gracias, Petro. Pero NO! Sabemos de su amor por este pa√≠s y de la impotencia que hoy le atormenta; y que usted no es de mirar sino de ACTUAR. Sabemos que est√° presente. Hoy su f√©rrea CONVICCI√ìN no debe estar en la calle. Sus enemigos son deNo salga.",,,3,5,https://twitter.com/gamasvg/status/1390179121645428739
TODOS SOMOS COLOMBIA,TODOS SOMOS COLOMBIA,2021-05-06T05:40:08.000Z,"No se√±or Petro, no se arriesgue, lo pueden hasta matar. Cuidese que lo necesitamos ahora m√°s que nunca.",,1,11,39,https://twitter.com/MarthaC47626609/status/1390179554799534082
DianaRico4D,DianaRico4D,2021-05-06T05:47:52.000Z,Pero sin #ESMAD,,,,13,https://twitter.com/DianaRico4D/status/1390181499220135940
Pascal V√°squez,Pascal V√°squez,2021-05-06T05:55:55.000Z,"No deber√≠a exponerse 
@petrogustavo
 ahora m√°s que nunca debe cuidar su integridad. No lo queremos como un m√°rtir sino como nuestro futuro presidente. Esta dictadura est√° desatada y no dudar√° en eliminarlo. Convoque, nosotros asistimos, pero no s√© exponga.",,,3,4,https://twitter.com/Pascal_Vasquez/status/1390183526532853766
Nana Opiniones Personales,Nana Opiniones Personales,2021-05-06T06:19:54.000Z,"¬°NO! No te vas a exponer a qu√© te maten. As√≠ que roguemos a Dios y a todas las energ√≠as del bien de su creaci√≥n que impida a toda costa que el gobierno declare estado de conmoci√≥n interior! Petro por favor, esta propuesta es como si te lanzaras al suicidio. Yo no estoy de acuerdo",,,4,16,https://twitter.com/NanaEpidemio/status/1390189562203344897
ClaraDeHuevo #SOSColombia,ClaraDeHuevo #SOSColombia,2021-05-06T06:22:19.000Z,Gustavo Colombia te necesita sano y salvo. Te pedimos por favor no salgas a darle oportunidad de hacerte da√±o al odio uribista.,,,4,7,https://twitter.com/ClariGarc/status/1390190169140174849
Cronopio,Cronopio,2021-05-06T15:47:46.000Z,Que bonito :'),,,1,6,https://twitter.com/Evolet_0328/status/1390332469115867136
Juan Ricardo,Juan Ricardo,2021-05-06T07:54:52.000Z,Jam√°s ser√°s Gaitan... el si ten√≠a un sue√±o para toda Colombia. El jam√°s cuestionar√≠a la ley 100 en salud q ha sido un bondadoso veh√≠culo para redestribuir a favor de los m√°s pobres.,,1,1,10,https://twitter.com/juanortega3/status/1390213461976682499
carlos ariza,carlos ariza,2021-05-06T08:33:21.000Z,"La verdad senador, no me parece prudente en estos momentos, lo llamar√≠an oportunista, de un lado, del otro diran: ""vean como Petro si estaba detr√°s del paro"" adem√°s usted se expone innecesariamente y finalmente est√° el Covid!",,,1,17,https://twitter.com/martinsincelejo/status/1390223144749830146
Deiver,Deiver,2021-05-06T08:43:13.000Z,"Si hay alguien en Colombia que la derecha desea MUERTO se llama Gustavo Petro, usted por ahora es el √∫nico en quien confiamos , no deber√≠a dar oportunidad a esos asesinos, cuidar de su propia vida es cuidar del futuro de Colombia.

NO SALGA A MARCHAR POR FAVOOORRR",,1,4,6,https://twitter.com/deiver1968109/status/1390225629086429186
Mabeltran,Mabeltran,2021-05-06T08:59:39.000Z,"Siii pero es mejor que no lo haga lo nesecitamos vivo.
No se deje calentar sus emociones por nadie.",,3,6,20,https://twitter.com/Mabeltran19/status/1390229765274099714
Juan Guillermo Vasquez,Juan Guillermo Vasquez,2021-05-06T09:04:36.000Z,"El cinismo del bandido de las bolsas NO tiene l√≠mites ahora si pide marchar en Paz despu√©s que mando a sus lugartenientes arrasar con el  pa√≠s,ahora trata de arreglar lo que NO tiene arreglo y esto se lo cobraremos en las urnas . NO m√°s Petro,NO m√°s  Petro,NO m√°s Petro .",,4,2,13,https://twitter.com/JuanGui39969790/status/1390231010147815424
La Verdad Sin Filtro,La Verdad Sin Filtro,2021-05-06T10:28:25.000Z,"En estos momentos donde hay tanto pistolero armado, listo a recibir las √≥rdenes del Ub√©rrimo. Creo que se expone demasiado 
@petrogustavo",,1,2,3,https://twitter.com/LaFiltro/status/1390252103872942082
juan graterol,juan graterol,2021-05-06T10:28:56.000Z,"Hay que recordarles a los hermanos colombianos que hugo chavez siempre dijo que la revoluci√≥n del siglo XXI era a nivel continental .. es un c√°ncer que se propaga peligrosamente y debe ser extirpado .. y su ""hijo"" nicolas maduro sigue aplicando el libreto",,,3,5,https://twitter.com/juangrate/status/1390252232046792705
Jose Omar Silva Torres,Jose Omar Silva Torres,2021-05-06T10:29:06.000Z,"USTED LO √öNICO QUE QUIERE Y PRETENDE ES INCENDIAR, DESTRUIR EL PA√çS, PARA REMEMORAR SUS D√çAS DE GLORIA,  COMO: ""COMANDANTE AURELIANO"", O ""EL CACAS"", EN LA BANDA CRIMINAL M19, QUE ASESIN√ì, SECUESTR√ì Y EXTORSION√ì A MUCHOS COLOMBIANOS, QUE SE TOMO E INCINER√ì EL PALACIO DE JUSTICIA",,1,9,12,https://twitter.com/joseosilvat/status/1390252274191147009
Matthew,Matthew,2021-05-06T10:51:00.000Z,Cambie de cuentico por favor. Pffff...,,2,,,https://twitter.com/AndresMejaMoli1/status/1390257784109813762
Ricardo Dur√°n S.,Ricardo Dur√°n S.,2021-05-06T10:29:42.000Z,"Que salga con chaleco antibalas y rodeado del pueblo a ver si los van a balear a todos, yo apoyo que salga a darle cara, voz, discurso, planteamientos claros y NORTE al paro c√≠vico nacional, sino esto se diluye como en el 2019 y se le deja espacio a los oportunistas de la tibieza",,2,5,10,https://twitter.com/Barreja/status/1390252423600607232
Ricardo Dur√°n S.,Ricardo Dur√°n S.,2021-05-06T10:32:11.000Z,"Que hicieron el papam√≥vil a prueba incluso de rockets y granadas desde la √∫ltima visita del vaticano?

Que nos lo alquilen por unas horas y listo, hacemos una vaca y con eso arreglado el temor de millones de colombianos que temen verlo convertido en martir...",,2,8,10,https://twitter.com/Barreja/status/1390253050221273095
Ely,Ely,2021-05-06T10:50:56.000Z,"Hpta Petro, me hiciste llorar con ese tweet, pero como est√°n las cosas con esos Neo nazis matando a diestra y siniestra me da miedo",,3,12,40,https://twitter.com/elikitty_33/status/1390257770235154435
Limbo Flow,Limbo Flow,2021-05-06T10:52:23.000Z,No debe dar papaya.,,1,4,14,https://twitter.com/Animalogia/status/1390258135760359429
India G√ºaricha,India G√ºaricha,2021-05-06T10:57:38.000Z,Petro hazte a un lado en este momento y cuidate.,,1,10,87,https://twitter.com/IndiaGuaricha/status/1390259456567566337
Leo,Leo,2021-05-06T11:01:35.000Z,"Senador usted es lo √∫nico que mantiene viva la esperanza de una Colombia mejor.

No s√© arriesgue, estos criminales que hoy nos gobiernan no dudar√°n en asesinarlo si usted les da la oportunidad.

Cu√≠dese porque su trabajo ser√° construir con los pedazos que dejen estos corruptos.",,2,11,46,https://twitter.com/kammus52/status/1390260448289775618
WENDY GUZMAN,WENDY GUZMAN,2021-05-06T11:02:41.000Z,"Totalmente de acuerdo, los gremios musicales hemos sonado en este paro nacional desde em 28A, seguiremos en pie de lucha a pesar de nuestras otras labores como m√∫sicx.

#Soyprimeralineaensalud
#SOSColombiaNoDuerme
#ParoNacional6M",,,5,11,https://twitter.com/WENDY8706/status/1390260725600378881
jose quenexy quesada,jose quenexy quesada,2021-05-06T11:33:51.000Z,"Marchar en paz y por la paz

De una",,,8,10,https://twitter.com/JQuenexy/status/1390268569766727687
jose quenexy quesada,jose quenexy quesada,2021-05-06T11:33:59.000Z,"S.O.S Colombia  
@Pontifex_es
  @elpais_espana
 @nytimes
 @POTUS
 @KamalaHarris
  @chicagotribune
 @TheWashigtonPos
  @MiamiHerald
  @France24_es
   @reppublica
 @guardiannews
 @Independent
 @ONUHumanRights
  @TheTorontoSun
 @JMVivancoHRW
@IntlCrimCourt
 @RoyalF
 @bbcmundo
 @CNNEE
 @RepMcGovern",,,6,7,https://twitter.com/JQuenexy/status/1390268601018552321
Nando,Nando,2021-05-06T11:35:25.000Z,senador nosotros lo hacemos pero usted no venda su vida en una marcha no de papaya!!!,,1,12,28,https://twitter.com/Nando79208857/status/1390268965453185028
Irene Ospino,Irene Ospino,2021-05-06T10:54:07.000Z,Terrorista social con sus marchas vandalicas est√° impidiendo ejercer con libertad el derecho de la mayor√≠as de salir a trabajar y producir para esta sociedad. La Democracia y la Paz no se construyen con una minor√≠a generando caos. NO SIGA DANDO LA ORDEN.,,2,2,2,https://twitter.com/irene_ospino/status/1390258568251772928
Daniel Montoya,Daniel Montoya,2021-05-09T23:38:45.000Z,Irene por dios!!!!,,,,,https://twitter.com/DanielM95404714/status/1391538159226347522
Cristian Ramirez,Cristian Ramirez,2021-05-06T11:20:14.000Z,Le acompa√±amos desde Garz√≥n y La Plata Huila,,1,,,https://twitter.com/Caracastrillon/status/1390265140625518595
√Ä l'ouest,√Ä l'ouest,2021-05-07T15:55:25.000Z,"Hola 
@Caracastrillon
 ¬øSabes si hay alg√∫n corredor humanitario en Garz√≥n -Huila?",,,,,https://twitter.com/A_Vashta_Nerada/status/1390696784159248393
German Rodriguez,German Rodriguez,2021-05-06T11:35:21.000Z,"JAMAS!!! 
Usted es el causante de la quiebra del pa√≠s, jam√°s lo acompa√±aremos a NADA. Sus manos est√°n manchadas de sangre y dolor.",,1,2,4,https://twitter.com/colonial72/status/1390268944687280129
Migue,Migue,2021-05-06T11:36:11.000Z,"El esquema debe ser con chaleco antibalas, su escolta personal, la minga, y luego el pueblo.",,1,5,11,https://twitter.com/aponte100/status/1390269158206709762
Mauro G.,Mauro G.,2021-05-06T12:04:39.000Z,"No queremos que le pase nada, necesitamos que se cuide vivo, la mano negra ronda con fuerza a Colombia tiene nombre millones saben qui√©n la maneja.",,,6,13,https://twitter.com/Mauro0269068738/status/1390276320584687617
luz marina garcia g,luz marina garcia g,2021-05-06T12:05:44.000Z,"Excelente propuesta, pero no convoque, muchos sabemos que si decretan conmoci√≥n interior, debemos salir, porque si no, las muertes de los j√≥venes, las marchas habr√°n sido en vano. A usted, lo necesitamos vivo y que desde el congreso legisle a ntro favor",,1,4,18,https://twitter.com/luzmaga1414/status/1390276593910788098
SULEMO,SULEMO,2021-05-06T12:06:37.000Z,"D√©jale esa lucha al pueblo, ser√≠a un papayaso para los sicarios d√©l matarife, t√∫ eres el √∫nico que puede garantizar justicia social para todos los que han ca√≠do en las reclamaciones, por favor no salgas, t√∫ vida corre peligro.",,1,12,59,https://twitter.com/suetoniolemos/status/1390276816129101828
luchocuadros,luchocuadros,2021-05-06T12:14:46.000Z,"No PETRO no es lo que est√° esperando el matarife para asesinarlo, o desaparecerlo no lo haga, por favor.",,,6,13,https://twitter.com/Luchocuadros1/status/1390278865084420097
100% Colombia Humana,100% Colombia Humana,2021-05-06T12:19:23.000Z,Eso ser√≠a el peor error. No s√© deje provocar. No se deje aconsejar mal. Proteja su vida. Lo necesitamos vivo.,,2,13,62,https://twitter.com/ManuelBeltrn14/status/1390280028789878788
Cecher,Cecher,2021-05-06T12:22:36.000Z,"Dr 
@petrogustavo
 , usted debe quedarse en su casa, no se exponga , la calles son la trinchera de los asesinos enviados por el Matarife , no se deje llevar a esa trampa, eso es lo que buscan acabar√°n con el futuro del pa√≠s que usted representa.",,,4,14,https://twitter.com/vieneunaguacero/status/1390280838064099335
Abel Escobar,Abel Escobar,2021-05-06T12:31:56.000Z,"Petro, no d√© papaya. A usted, los uribistas lo quieren muerto, los dem√°s, lo necesitamos vivo.
Hay mucho paraco suelto y sin control. Adem√°s, le infiltrar√≠an la marcha para culparlo despu√©s por lo que sin duda pasar√≠a.",,,5,17,https://twitter.com/AbelEsc30666735/status/1390283187616731136
Luchito,Luchito,2021-05-06T12:35:30.000Z,"Qu√© pas√≥ Petro le dieron ganas de marchar a las 11pm?

Despu√©s de m√°s de 1 semana de marchas? 

Tendr√° que ver esta entrevista justo a esa hora? ",,47,44,158,https://twitter.com/Luisme31/status/1390284081947152384
Lewolfas,Lewolfas,2021-05-06T15:40:20.000Z,"Tal cual. Claudia es muy inteligente y sagaz, le puso el dedo en la llaga, le toc√≥ lo que m√°s le duele, el ego. Y ahora para ver quien la tiene m√°s grande, despu√©s de una semana de protestas ah√≠ s√≠ sale a invitar y va a dejar su lujosa mansi√≥n para ""callar bocas"". Ese Gus jajaja.",,3,1,13,https://twitter.com/lewolfas/status/1390330599517339650
Diana Locombiana,Diana Locombiana,2021-05-06T12:36:54.000Z,"Dios m√≠o a uds es q se les olvid√≥ por completo la pandemia? Y qu√©, juran q eso es lo q necesitamos ahora despu√©s de una semana de desmanes? Necesitamos TRABAJAR por el pa√≠s! Abastecer las ciudades, bajar contagios y crear empleos. Este tipo NO DEFIENDE SU INTER√âS, no sean bobos.",,2,1,6,https://twitter.com/Dianalocombiana/status/1390284435510239232
Clafe,Clafe,2021-05-06T12:57:28.000Z,"La ciudadan√≠a NO es violenta.

Los que violentan: el gobierno narco-paramilitar, la polic√≠a y un ej√©rcito criminal. Esos son los √∫nicos v√°ndalos!",,,2,21,https://twitter.com/Clafe64/status/1390289610492813319
Mary Luz Herr√°n C√°rdenas,Mary Luz Herr√°n C√°rdenas,2021-05-06T13:00:21.000Z,"No es el momento de que salgas a las calles. Ya sabes que hay un complot para matarte. Te necesitamos vivo, sano, fuerte para dirigir este pa√≠s sumido en el caos. Nuestros hijos Andrea y Andr√©s, tus otros hijos y nuestras nietas Luna y Victoria te queremos vivo.",,25,82,700,https://twitter.com/maryluzherran/status/1390290336379981827
Diego Fernando Bravo,Diego Fernando Bravo,2021-05-06T13:26:43.000Z,"Creo que Petro ya tom√≥ la decisi√≥n y dif√≠cilmente se echar√° para atr√°s,  toca es reforzar si seguridad!!!",,1,2,77,https://twitter.com/Diego_Bravo25/status/1390296973589336066
pabloIvan,pabloIvan,2021-05-06T13:03:47.000Z,"Una marcha, como la que convoc√≥ su presidente Uribe en 2008 contra sus amigos FARC ?",,,6,20,https://twitter.com/escobarp2013/status/1390291200888950786
Chrised1982,Chrised1982,2021-05-06T13:20:57.000Z,Claro que si.,,,,3,https://twitter.com/Chrised1982gma1/status/1390295521391222789
farid,farid,2021-05-06T13:30:54.000Z,Estos son los saboteadores de las a marchas,,1,27,20,https://twitter.com/farid87368386/status/1390298026376241161
lalita,lalita,2021-05-06T13:34:53.000Z,"Deber√≠an de encarcelarlos por crear caos, as√≠ son ustedes la izquierda solo hambre y destrucci√≥n, pero ni con esos hampones que est√°n destruyendo las ciudades le alcanza para ser presidente, porque los buenos somos m√°s y les volvemos a poner presidente, t√©ngalo por seguro",,,1,1,https://twitter.com/alexapepa/status/1390299026671669251
JavieroSalfate,JavieroSalfate,2021-05-06T13:35:09.000Z,"Dr Gustavo Petro, NO SALGA QUE LA DICTADURA URIBISTA CRIMINAL PODR√çA APROVECHAR √âSTA OPORTUNIDAD PARA HACERLE DA√ëO!!!
No se deje provocar de Claudia L√≥pez!!!!!!!!",,,5,21,https://twitter.com/Salfate12345/status/1390299093839323137
RICARDO,RICARDO,2021-05-06T13:37:50.000Z,"Senador 
@petrogustavo
 es muy riesgoso porque el uribismo te quiere matar",,2,1,6,https://twitter.com/jrrangelp/status/1390299768740581378
Richarcaro,Richarcaro,2021-05-07T00:12:03.000Z,Los hijos de gal√°n salieron pecuecas ....quiz√°s de tal palo .........,,,,,https://twitter.com/Richarcaro3/status/1390459374460674051
Prowler,Prowler,2021-05-06T13:53:20.000Z,"¬øPor meet, por teams o por zoom? Porque el resto de mortales llevamos 8 d√≠as en la calle pele√°ndola mientras a ud no lo hemos visto ni el primer d√≠a.",,2,1,32,https://twitter.com/LeGoBo_/status/1390303672328933381
RICARDO ESLAVA,RICARDO ESLAVA,2021-05-06T17:36:02.000Z,"Tampoco a Jorge Robledo ni a Fajardo ni a Humberto de la Calle ni a Juan Manuel Gal√°n, ni a Ang√©lica Lozano ni a Claudia L√≥pez ni Carlos Amaya. 
Los √∫nicos que han estado en la calle son 
@angelamrobledo
 @CamiloRomero
 y 
@AlexLopezMaya",,1,,,https://twitter.com/ricardoeslava/status/1390359717726367745
C√©sar Alfonso.,C√©sar Alfonso.,2021-05-06T14:02:32.000Z,"Gustavo no salgas, no te expongas, tu exterminio fisico iniciar√≠a una guerra civil interminable. 
Seria peor que la de Gaitan.",,,7,31,https://twitter.com/CAFIMOL/status/1390305986775244800
Rafael Navarro,Rafael Navarro,2021-05-06T14:10:11.000Z,"Jejejejej
¬°Que ILUSO !!
Tiene Completamente Incendiado el Pa√≠s y ""cree"" que la mayor√≠a de las personas van a salir con causante de sus Males,
Adem√°s la Suma de sus petroVandalos, petroChanda, petro√ëeros no le da ni siquiera para mil de esos ""mugres""
T√≥mese m√°s bien la medicaci√≥n.",,1,1,3,https://twitter.com/RafaelENavC6659/status/1390307912241848321
patricia rico mejia,patricia rico mejia,2021-05-06T19:01:27.000Z,Tiene toda la raz√≥n,,,,,https://twitter.com/rico_mejia/status/1390381211307155458
ANDRESG GONZALEZ,ANDRESG GONZALEZ,2021-05-06T14:23:26.000Z,Un mill√≥n de petristas para que se mueran de Covid... Y usted desde Par√≠s y sus aliados desde sus casas bebiendo wisky,,1,,,https://twitter.com/ANDRESG_13/status/1390311245291696128
Henry Rivera C.,Henry Rivera C.,2021-05-06T18:39:03.000Z,Se le tiene m√°s miedo a un gobierno que llena de miseria a su pueblo que al mismo virus,,,,,https://twitter.com/HenryRiveraC/status/1390375576393891845
CN(RA) Jorge M√©ndez Reina,CN(RA) Jorge M√©ndez Reina,2021-05-06T14:24:35.000Z,"¬øY el motivo?, porque ya no es por la reforma tributaria ni la reforma de la salud, entonces Senador lo invito en lugar de llamar a crispar √°nimos, mejor llamemos a la calma y que las cosas se discutan en donde deben discutirse.",,20,1,38,https://twitter.com/salamina_col/status/1390311535499751434
Ameli,Ameli,2021-05-06T14:28:50.000Z,"Disculpa que me meta , pero no crees que debemos marchar para que no decreten estado de conmoci√≥n interior en Colombia?  No podemos dejar que el pa√≠s se vuelva una dictadura, que es lo que el centro democr√°tico siempre ha querido .",,4,,24,https://twitter.com/MarthinD_avila/status/1390312606628564997
S.Robinson SER PRESIDENTE,S.Robinson SER PRESIDENTE,2021-05-06T14:24:42.000Z,No se Exponga PETRO la POLIC√çA est√° infiltrada por las √°guilas negras y PARAMILITARES Asesinos.. no se Exponga no les de la papaya que est√°n  buscando y luego van y culpan al polic√≠a m√°s humilde lo enlodan y ser√°n dos m√°rtires. Uno muerto y uno preso.,,1,5,6,https://twitter.com/SantosSrobinson/status/1390311564708917252
Benjamin Londo√±o,Benjamin Londo√±o,2021-05-06T17:55:03.000Z,S√≠.puede ser.Que fallo.,,,,,https://twitter.com/BenjaminLondoo2/status/1390364501929775104
·ô¢·ó©·ñá·ôÖ·ôì·í™·ó©,·ô¢·ó©·ñá·ôÖ·ôì·í™·ó©,2021-05-06T14:35:22.000Z,Me acompa√±ar√≠an ? Si lo √∫nico que hace es mandar a los m√°s pendejos como carne de ca√±√≥n mientras usted est√° muy c√≥modo en su casa.,,,1,8,https://twitter.com/ymarce7312/status/1390314250015494150
JOS,JOS,2021-05-06T15:14:51.000Z,"Yo ya estoy en la Plaza de Bol√≠var! Duque debe IRSE! MATARIFE DEBE IR A LA C√ÅRCEL! Las marchas N√ì deben pararse! El Centro Demencial y duque deben estar listos para engavetar otra vez los acuerdos!YA LOS CONOCEMOS! 
@AlvaroLeyva
 @JuanManSantos
 @elmermontana
 @ComunesCoL
 @AlexKleinO",,2,25,55,https://twitter.com/josbarmol/status/1390324186443354112
JOS,JOS,2021-05-06T15:56:58.000Z,,,,14,35,https://twitter.com/josbarmol/status/1390334784224772101
L√©a Dichterin,L√©a Dichterin,2021-05-06T15:19:03.000Z,Petro cu√≠date. No salgas.,,1,,1,https://twitter.com/PDichterin/status/1390325241348493313
Koa Alii,Koa Alii,2021-05-06T15:20:05.000Z,"No salga, no de esa papaya! Mataron a Nicol√°s, mataron a Lucas y el resto de protestantes! Ahora usted en la marcha? No se exponga! Sin salir sabemos que est√° con el pueblo!",,,,1,https://twitter.com/siac02/status/1390325501714223108
JGE.,JGE.,2021-05-06T15:23:40.000Z,"MI DOC. PETRO. 

SALVE UD. LA PATRIA!.

S√â LO IMPLORA TODO UN PUEBLO.

NO TENDR√Å UN MILLON, SOMOS MILLONES LOS QU√â ESTAMOS CON UD.

SU PUEBLO DESPERT√ì, LLEG√ì LA HORA DE ACABAR CON LA TIRAN√çA, CON LOS CORRUPTOS,  QU√â SE ROBAN EL ERARIO Y VIVEN A COSTILLAS DEL PUEBLO Y NI GRACIAS.",,,,1,https://twitter.com/Gaston_Eligio/status/1390326402709327876
¬Æ ¬Æ,¬Æ ¬Æ,2021-05-06T15:25:33.000Z,Gustavo no se exponga en este momento; ser√≠a una oportunidad de oro para las fuerzas oscuras del estado.,,,,1,https://twitter.com/JairRui0218/status/1390326878540550144
Saray,Saray,2021-05-06T15:32:25.000Z,"Pienso que es una excelente idea hacer una marcha donde la cultura y arte sean nuestras armas, pero que 
@petrogustavo
 nos acompa√±e de manera virtual , que se monte una pantalla y que sea as√≠ su apoyo , pienso que ser√≠a muy arriesgado que fuera",,1,,3,https://twitter.com/Saray79160199/status/1390328607407489026
Daniel Montoya,Daniel Montoya,2021-05-09T23:37:44.000Z,Excelente propuesta!!!!,,,,1,https://twitter.com/DanielM95404714/status/1391537906016215040
Aletheia,Aletheia,2021-05-06T15:33:34.000Z,"NO, CON USTED NO MARCHO.  NOOOOO, USTED NO DEBE MARCHAR, si algo le pasa este pa√≠s queda a merced del caos. MARCHAMOS POR USTED, pero lo necesitamos vivo, resguardado, no se exponga, no nos haga eso.",,,1,8,https://twitter.com/MonicaMnicaMni1/status/1390328895862366209
O¬¥lafo..,O¬¥lafo..,2021-05-06T15:34:13.000Z,"Claudia L√≥pez quiere a petro en la s√©ptima con Jim√©nez...
Atte, Jorge Eliecer Gait√°n.",,1,1,6,https://twitter.com/alexfajardo71/status/1390329058676858882
Said97,Said97,2021-05-06T15:35:50.000Z,Petro no salga porque ese hpta de Uribe lo quiere es matar ya sabemos que tenemos su apoyo  pero no deje de peliar contra el ,,,,1,https://twitter.com/YerlinTatiania/status/1390329467634081794
Santicas,Santicas,2021-05-06T15:36:25.000Z,"Si es ventajoso, ya se quiere apropiar de todo el paro. 
Igual voy",,,,1,https://twitter.com/santiavilac/status/1390329611708403715
XXX CONVERGE,XXX CONVERGE,2021-05-06T15:38:24.000Z,"Se√±or 
@petrogustavo
 preg√∫ntele a la 
@PoliciaColombia
 por qu√© sale tanto civil armado con palos y piedras de un ca√≠ ?",,1,3,2,https://twitter.com/DANZETACOMUNICA/status/1390330111879172105
ivaleo sanchez,ivaleo sanchez,2021-05-06T16:19:19.000Z,@DownloaderBot,,,,1,https://twitter.com/ivaleos/status/1390340407540822018
LuzMaFri,LuzMaFri,2021-05-06T15:40:58.000Z,"Pero vamos a ver, si usted  quem√≥ vivos a cientos de magistrados y civiles, secuestr√≥,etc.. no tiene la menor idea qu√© es paz, 2. En tan severo ataque terrorista a la Naci√≥n, deje usted la mentalidad folcl√≥rica y dele seriedad, hay luto e Colombia",,1,1,3,https://twitter.com/Luzmafrie/status/1390330756355039236
Daniella V.,Daniella V.,2021-05-06T15:43:12.000Z,Es en serio? Se le olvido que estamos en medio de una pandemia? Esos muertos no valen o que?#PorCualquieraMenosPetro,,,1,1,https://twitter.com/danielitavar1/status/1390331320803397635
Julioo Casas,Julioo Casas,2021-05-06T15:47:04.000Z,"@fecode
 movilizamos al magisterio de Colombia!",,,,1,https://twitter.com/jcasasbolano/status/1390332292745338882
Generaci√≥nHumana,Generaci√≥nHumana,2021-05-06T15:47:16.000Z,¬°Somos una Generaci√≥n m√°s Humana! Somos transformaci√≥n y buen vivir.,,,,1,https://twitter.com/GenHumana/status/1390332344809181191
Patricia Espinosa,Patricia Espinosa,2021-05-06T15:49:39.000Z,Falso de toda falsedad.  Ahora quiere aparecer como ap√≥stoles la paz cuando lo que ha promovido es destrucci√≥n?,,,,1,https://twitter.com/patriespinos/status/1390332944582053892
Julia Mar√≠a Garc√≠a G,Julia Mar√≠a Garc√≠a G,2021-05-06T15:50:07.000Z,"Yo lo acompa√±ar√≠a, pero a usted lo quieren muerto. No se deje tentar por la loca Claudia, ella es parte de los enemigos. Marchamos y usted nos habla a trav√©s de una pantalla, no se exponga porque lo necesitamos VIVO.",,,1,4,https://twitter.com/JuliMarGar/status/1390333059938099209
JHON NI√ëO,JHON NI√ëO,2021-05-06T16:00:07.000Z,"Querido y apreciado 
@petrogustavo
 la Coalici√≥n de Trabajadores de la Cultura te acompa√±a. Estamos construyendo el Gran pacto Hist√≥rico por el arte y la cultura;sin embargo en este momento eso ser√≠a un papayaso para las fuerzas oscuras y criminales del estado. Sumerc√© a cuidarse",,,1,3,https://twitter.com/JHONWNINHO/status/1390335577627643904
AlmaDePirata,AlmaDePirata,2021-05-06T16:04:19.000Z,"Este man est√° sacando el cuerpo porque sabe que si ten√≠a la remota posibilidad de ser presidente con todo este mierdero que form√≥, ahora si quedo en cero... por eso el cambio de lenguaje... Este tipo es muy impulsivo lo cual lo lleva a ser muy muy bruto... que mal pol√≠tico",,1,1,1,https://twitter.com/perfilpirata/status/1390336633321533441
Dr Ivan P√©rez Ô£ø,Dr Ivan P√©rez Ô£ø,2021-05-06T16:06:02.000Z,"Mientras tanto nosotros el personal de salud sin camas UCI y mas muertos por d√≠a‚Ä¶ a ud solo le interesa desestabilizar 
@petrogustavo",,1,,2,https://twitter.com/IvanPerezMD/status/1390337068421758986
nelida contreras,nelida contreras,2021-05-06T16:11:16.000Z,Ni dice que usted ni es promotor de las marchas? Mit√≥mano es que es. ,,1,1,,https://twitter.com/nelidacont/status/1390338384682524677
Alonso,Alonso,2021-05-06T16:17:29.000Z,Propongo un jatag o c√≥mo se llame #sospoliciasinfiltradosonlosbandalos q dicen,,,4,1,https://twitter.com/Alonso15922455/status/1390339947840802816
Carlos Rivera,Carlos Rivera,2021-05-06T16:21:18.000Z,"Ya no puedes salir m√°s a las plazas querido Petro hasta que seas presidente. Eres inc√≥modo, la piedra en el zapato para Uribe. El har√° lo que sea para verte muerto. No nos prives de ver una nueva Colombia, TE NECESITAMOS VIVO, por favor.",,1,4,7,https://twitter.com/carloshtorivera/status/1390340908374237189
O.Margoth Gutierrez,O.Margoth Gutierrez,2021-05-06T16:27:39.000Z,"Usted no puede exponerse....le est√°n poniendo una trampa.
#PetroNoVayaADarPapaya",,,2,4,https://twitter.com/olgaeme/status/1390342505372262407
Jeferson Rubiano,Jeferson Rubiano,2021-05-06T16:38:18.000Z,GOLPE DE ESTADO.,,,,2,https://twitter.com/ElJefer21/status/1390345187998765056
...,...,2021-05-06T16:46:34.000Z,"Este con esas propuestas chimbas me recuerda a ese, que tira la piedra y esconde la mano........",,,2,4,https://twitter.com/Ricrod18/status/1390347266028937217
Alexander Secue R.,Alexander Secue R.,2021-05-06T15:20:10.000Z,"Cuente con migo y mi familia, nosotros vamos...",,,,,https://twitter.com/asecuer/status/1390325525458132992
Jhoan77,Jhoan77,2021-05-06T15:20:46.000Z,Me parece bien,,,,,https://twitter.com/Jhoan778/status/1390325675756826628
Ottoniel,Ottoniel,2021-05-06T15:20:50.000Z,"Va para esa , cuando !! Y d√≥nde ??",,,,,https://twitter.com/Otonielsot9023/status/1390325693028896775
Lucy Palo,Lucy Palo,2021-05-06T15:21:30.000Z,"Mejor no salga, no ceda a las provocaciones de Claudia, ud es un ciudadano de alto riesgo, amenazado, no puede dar papaya.",,,,,https://twitter.com/lucysaggio/status/1390325858406223877
Diana Carolina mora,Diana Carolina mora,2021-05-06T15:21:32.000Z,Petro por favor no salgas! No salgas por favor,,,,,https://twitter.com/caromora0221/status/1390325868422172677
Alexa,Alexa,2021-05-06T15:21:46.000Z,No Petro...  Qu√©dese en su casa .. haganos ese favor y cuidese.,,,,,https://twitter.com/Alexa1612/status/1390325926773280771
juan carlos,juan carlos,2021-05-06T15:22:14.000Z,"Con un oportunista pol√≠tico como usted NO. Ir√≠a a una marcha pac√≠fica convocada por el pueblo, donde se diga No a la corrupci√≥n, No a la violencia, No a la muerte, No a pol√≠ticos oportunistas. Si a la vida, Si a un nuevo pa√≠s.",,,,,https://twitter.com/juan08956772/status/1390326045384007688
Andr√©s Abril.,Andr√©s Abril.,2021-05-06T15:22:48.000Z,Gustavo.... NO SE DEJE PROVOCAR. NO SALGA. Su vida corre peligro all√° afuera. Si a usted lo matan en Colombia nos quedamos sin nada. Por favor qu√©dense en casa. Se lo ruego.,,,,,https://twitter.com/BFranquel/status/1390326188447576068
carlos noguera,carlos noguera,2021-05-06T15:22:58.000Z,Aprovechado....ahora quiere llevar la riendas de las manifestaciones...atrevido...el pueblo esta mamao de gente tan oportunistas...,,,,,https://twitter.com/Don_Krlos/status/1390326227307728896
Jos√©Barrera,Jos√©Barrera,2021-05-06T15:23:11.000Z,"No Gustavo, no te expongas.
Ser√≠a muy riesgoso para ti y sobre todo para Colombia. 
Te queremos vivo.
Pilas.",,,,,https://twitter.com/Jose02153926/status/1390326282114764803
EL INSENSATO,EL INSENSATO,2021-05-06T15:51:51.000Z,"No senador, usted ha manejado a la perfecci√≥n su relaci√≥n con el paro, no necesita ir a marchar, lo necesitamos vivo para las elecciones #SOSColombiaNosEstanMatando",,,,1,https://twitter.com/HAMERBALL/status/1390333499048173569
ùîΩùï£ùïíùïüùïú ùïçùïñùï£ùïòùïíùï£ùïí,ùîΩùï£ùïíùïüùïú ùïçùïñùï£ùïòùïíùï£ùïí,2021-05-06T15:53:01.000Z,"La gente de bien en Colombia no camina con hampones como usted.

Miserable",,,,1,https://twitter.com/fjvergarac/status/1390333791563038725
Alex Garz√≥n,Alex Garz√≥n,2021-05-06T15:54:36.000Z,Si claro petro te acompa√±amos.,,,,1,https://twitter.com/Alexpeluquero11/status/1390334189451583488
JuanGuerrero-Hern√°ndez,JuanGuerrero-Hern√°ndez,2021-05-06T16:08:57.000Z,"Admirado 
@petrogustavo
, por favor no salga. 
@PizarroMariaJo
 y 
@GustavoBolivar
 y otros pueden representarlo y nosotros saldremos. Pero usted no debe salir. Usted es nuestra esperanza y lo necesitamos vivo y dando ideas y no tres metro bajo tierra.",,,,1,https://twitter.com/JuanGuerrero_H/status/1390337799711297537
Jonathan Steven,Jonathan Steven,2021-05-06T16:12:39.000Z,"Fecha y lugar
Fecha y lugar
Fecha y lugar
Fecha y lugar
Fecha y lugar
Fecha y lugar
Fecha y lugar
Fecha y lugar
Fecha y lugar
Fecha y lugar
Fecha y lugar
Fecha y lugar
Fecha y lugar
Fecha y lugar
Fecha y lugar",,,,1,https://twitter.com/jonatanstevend1/status/1390338729882042372
VALENTINA RODR√çGUEZ,VALENTINA RODR√çGUEZ,2021-05-06T16:17:35.000Z,"Esperemos que en realidad -  la paz - sea la que acompa√±e esta marcha y la intenci√≥n inaugural de esto no sea distorsionanda y disipada, y finalmente termine en desorden social, m√°s violencia y le siga costando m√°s vidas a√∫n a la sociedad colombiana. ¬°Solo esperemos!",,,,1,https://twitter.com/ValRPerez/status/1390339972952166402
Jenny,Jenny,2021-05-06T16:35:25.000Z,Para que luego usted haga pol√≠tica con nosotros y nuestras necesidades?? No gracias!!,,,,1,https://twitter.com/JennyT_10/status/1390344462228930562
karjulio,karjulio,2021-05-06T16:36:12.000Z,"Si de una, pero lo necesito como l√≠der no como el m√°rtir lo quieren asesinar mejor nos ve de lejos, p'a delante con los Veteranos por Colombia",,,,1,https://twitter.com/karjulio1/status/1390344656093855748
Andres camacho,Andres camacho,2021-05-06T16:36:30.000Z,Me?? Es que cree que esto es por usted???? Se caga todo!!!!!!!,,,,1,https://twitter.com/andresfelip84/status/1390344735030665222
Fernanda,Fernanda,2021-05-06T16:37:14.000Z,Oportunismo pol√≠tico a flor de piel.,,,,1,https://twitter.com/ydfroyals/status/1390344919341060097
CheVergara,CheVergara,2021-05-06T16:45:15.000Z,"NOOO, TU TAMBI√âN ERES PARTE DEL PROBLEMA. DESDE TU PUESTO DE SENADOR DEBERIAS TRABAJAR PARA CAMBIAR LAS LEYES Y NO HACER CAMPA√ëA PRESIDENCIAL. PASAS ES VIAJANDO Y HABLANDO MIERDA! #NIURIBENIPETRO
#NoMasUribe #NoMasPetro",,,,1,https://twitter.com/CheVergara_/status/1390346933529718792
NIBILIS,NIBILIS,2021-05-06T16:47:39.000Z,"Ser√° usted el que asista en primera l√≠nea?, se podr√° los zapatos y las botas codo a codo?",,,1,1,https://twitter.com/NIBILIS2/status/1390347540323766275
Gloria Ortega P√©rez,Gloria Ortega P√©rez,2021-05-06T16:51:32.000Z,"C√≥mo le dir√≠a en mi mam√°: de pordios mijo, no salga a la calle, re que esa gente est√° con todo.
Y yo le digo, no mano, usted en la calle ni por el putas. Adem√°s, esa propuesta es viable en democracia, pero no en una dictadura narcaparaca.",,2,3,6,https://twitter.com/BunkerGlo/status/1390348515092619264
ACONTISTA,ACONTISTA,2021-05-06T16:52:52.000Z,"SERIA EL PAPAYASO QUE ESTAN ESPERANDO, YA LO HICIERON CON GAITAN Y NADA PASO...",,,1,1,https://twitter.com/Adolodelcas/status/1390348852260065282
Juan Carlos Calderon,Juan Carlos Calderon,2021-05-06T16:52:38.000Z,Este cafre por ser presidente har√° hasta lo imposible. Hay guevones que le seguir√°n comiendo cuento,,,,1,https://twitter.com/fincaraizJC/status/1390348792692682757
ùíé.,ùíé.,2021-05-06T16:53:53.000Z,"por supuesto que si, pero mucho cuidado que las cosas no est√°n en paz. polic√≠as disparando, polic√≠as disfrazados de civiles disparando, y usted es la √∫nica esperanza de nuestro pa√≠s",,,,1,https://twitter.com/marlaCastro08/status/1390349108448272387
PEDRO LUIS GALINDEZ,PEDRO LUIS GALINDEZ,2021-05-06T16:54:54.000Z,"Nosotros aqu√≠ en las localidades de Tunjuelito, Bosa,Ciudad Bol√≠var y Madelena 
Estamos listos para acompa√±ar la que ser√° la multitudinaria marcha de un mill√≥n de conciencias anhelantes de paz y justicia 
                    social.",,,1,6,https://twitter.com/PELUGADI/status/1390349365349388288
Bartol√≠n,Bartol√≠n,2021-05-06T16:55:58.000Z,"Ni por el putas vaya a salir, usted mejor que nadie conoce la historia de √©ste pa√≠s. No queremos otro magnicidio.",,,,4,https://twitter.com/Bartodepolombia/status/1390349631817764867
LyanGp,LyanGp,2021-05-06T16:57:48.000Z,"No, en casita se ve m√°s bonito. Espere hasta que lo pongamos en la casa de Nari√±o, hay que sacar la basura primero.",,,,1,https://twitter.com/Lyanguzman/status/1390350093488959491
Silvestre Pajarito,Silvestre Pajarito,2021-05-06T17:07:23.000Z,"Vale!! Y deber√≠amos marchar en contra de ud. 
Que es el comienzo de la violencia y la cobard√≠a en este pa√≠s.",,1,,1,https://twitter.com/SilvestrePajar1/status/1390352505637310468
Mauricio Conto,Mauricio Conto,2021-05-06T17:14:41.000Z,Se puede de m√°s de un mill√≥n!!,,1,1,,https://twitter.com/ContoMauricio/status/1390354341102501890
Cristhian Camilo Mu√±oz Gomez,Cristhian Camilo Mu√±oz Gomez,2021-05-06T17:30:25.000Z,"#PetroNoSalga #PetroNoVayaADarPapaya  no es el momento los que creemos que usted va a realizar un cambio favorable lo queremos vivo, no les de papaya no se deje provocar, eso quieren ellos, no queremos un 9 de abril otra vez.",,1,4,15,https://twitter.com/CriCamiloMunoz/status/1390358302161309697
John Claro,John Claro,2021-05-07T03:16:27.000Z,"Quote Tweet
John Claro
@johnclaro
 ¬∑ May 6
Petro, qu√©date en casa, he estado, estoy y estar√© marchando por t√≠, por mi familia, por mi Colombia.",,,,1,https://twitter.com/johnclaro/status/1390505781078941697
Mily,Mily,2021-05-06T17:33:27.000Z,"Petro por favor no te vayas a exponer te quieren matar, eres nuestra esperanza de cambio y de paz ! No salgas !",,,,3,https://twitter.com/mile25milena/status/1390359067470741506
El indio nicaÓ®Ä,El indio nicaÓ®Ä,2021-05-06T17:41:21.000Z,La victoria final se acerca,,,1,1,https://twitter.com/indio_nica/status/1390361055579287558
Esteban,Esteban,2021-05-06T17:42:44.000Z,"@petrogustavo
 yo lo apoyo senador. #YoApoyoAPetro",,,1,1,https://twitter.com/Estebanbf08/status/1390361402494312453
Jorge Garc√≠a,Jorge Garc√≠a,2021-05-06T17:42:51.000Z,"Se√±or Perro por declaraciones similares en Ecuador hay exiliados y personas con grillete electr√≥nico, el fascismo es igual en cualquier pa√≠s.",,1,1,1,https://twitter.com/Jorgeamado34/status/1390361432047378434
Dacaji,Dacaji,2021-05-06T18:15:16.000Z,Prefiero ir a trabajar! Y usted no que no convoca marchas? Que paso senador esta es la semana del.lapsus de bipolaridad?,,,1,1,https://twitter.com/Dancalde1986/status/1390369590887190528
Gabriela M,Gabriela M,2021-05-06T18:19:54.000Z,"Senador es loable su iniciativa, en este momento con sicarios vestidos de civil, asesinando en las calles,  es un suicidio que usted se exponga. #PetroNoCaeEnLaTrampa",,,2,,https://twitter.com/lgaby180/status/1390370754257117186
DIRJEY  ü·¥∞Íú±·¥π,DIRJEY  ü·¥∞Íú±·¥π,2021-05-06T16:59:58.000Z,Si,,,,1,https://twitter.com/estrella_jaider/status/1390350637871808520
√Ålvaro,√Ålvaro,2021-05-06T17:05:17.000Z,"Democracia dices?

En democracia has sido vencido una y otra vez.
Porque simplemente no dejas trabajar?

#elsicopatadelasbolsas",,,,1,https://twitter.com/lvaro71440700/status/1390351978186821632
Miranda,Miranda,2021-05-06T17:11:06.000Z,Petro que todos canten un padre nuestro y le a seguro que sat√°n retrocede,,,1,,https://twitter.com/celina08y/status/1390353439897620484
Guillermo Tell-ez,Guillermo Tell-ez,2021-05-06T17:11:24.000Z,"""NO LES DE PAPAYA"". Recordemos la historia: Mataron a J.E.Gaitan, mataron a Luis Carlos Gal√°n, entre otros prominentes l√≠deres que habr√≠an podido cambiar positivamente la historia del pa√≠s. Recuerde:"" Quien no tiene en cuenta la historia se ver√° expuesto a repetirla.",,,,1,https://twitter.com/DsdeMiTorre/status/1390353516254928896
Rafael Cuello,Rafael Cuello,2021-05-06T17:14:14.000Z,Se llamar√≠a la marcha del Covid. Donde se propagaria r√°pido este virus y despu√©s cuando los marchantes no tengan UCI donde estar ud tampoco los va a ayudar.,,,,1,https://twitter.com/cuellorafa/status/1390354229441843203
Elsy Ortiz D√≠az,Elsy Ortiz D√≠az,2021-05-06T17:14:23.000Z,"Siiiii y en todo el pa√≠s, pac√≠fica, sin polic√≠a",,,,1,https://twitter.com/ElsyOrtizDaz/status/1390354266376876038
Duvier Ca√±as,Duvier Ca√±as,2021-05-06T17:15:18.000Z,"ESo es  en la estaci√≥n de la sexta con Caracas en Bogot√°.
(Copi√© y pegu√©)",,,,1,https://twitter.com/duviercanas/status/1390354499445956613
adela,adela,2021-05-07T04:11:18.000Z,"El senador Gustavo Petro no debe darle papaya a sus enemigos pol√≠ticos, si sale a las marchas lo m√°s seguro es que intentar√°n asesinarlo.",,,,,https://twitter.com/adielapineda/status/1390519587788165126
AntiuribistaSoy,AntiuribistaSoy,2021-05-06T17:28:20.000Z,"Se hacen pero  
@PoliciaColombia
 por orden de #UribeAsesino y #DuqueAsesino comienzan a disparar y matar pero ser√≠a buen√≠simo hacer esto.",,,,1,https://twitter.com/AntiuribistaSoy/status/1390357777911013376
