nombre,usuario,fecha,texto,emoticon,cantidad_comentarios,cantidad_likes,Cantidad_Retweets,link,mencion
Ing Rodolfo Hernandez !,@ingrodolfohdez,2020-12-31T18:56:01.000Z, feliz año nuevo para todos ,,17000,32000,231,https://twitter.com/ingrodolfohdez/status/1344718974903328769,[]
Ing Rodolfo Hernandez !,@ingrodolfohdez,2020-12-29T16:46:53.000Z,los políticos reciben el doble del ajuste del salario de lo que reciben los pobres puro neoliberalismo y cero justicia social es un contrasentido por que con eso matan la demanda y paralizan la economía son brutos ,,30000,91000,377,https://twitter.com/ingrodolfohdez/status/1343961698995220483,[]
Ing Rodolfo Hernandez !,@ingrodolfohdez,2020-12-27T17:40:28.000Z,dra una sola pregunta quiero que conteste hoy el de diciembre del usted participó en la plenaria del desde bucaramanga o no art de la c n ,,14000,39000,96,https://twitter.com/ingrodolfohdez/status/1343250407720706048,"['@rojassaharay', '@concejobucara', '@alcaldiabga', '@pgn_col']"
Ing Rodolfo Hernandez !,@ingrodolfohdez,2020-12-24T22:55:08.000Z, feliz navidad para todos ,,14000,24000,176,https://twitter.com/ingrodolfohdez/status/1342242435599114240,[]
Ing Rodolfo Hernandez !,@ingrodolfohdez,2020-12-24T00:10:08.000Z,los colombianos que vivimos de lo que producimos que vivimos de nuestro trabajo que invertimos en el país nos merecemos una colombia mejor ,,12000,35000,207,https://twitter.com/ingrodolfohdez/status/1341898919064850432,[]
Ing Rodolfo Hernandez !,@ingrodolfohdez,2020-11-30T16:35:13.000Z,el día de hoy acompañé al diputado de la jonathan duarte en su acto de posesión como segundo vicepresidente de la mesa directiva de la espero que este paso sirva para un efectivo control político en la ,,5000,4000,43,https://twitter.com/ingrodolfohdez/status/1333449517677633544,"['@ligagobernantes', '@asambleastder', '@gobdesantander']"
Ing Rodolfo Hernandez !,@ingrodolfohdez,2020-11-28T23:16:14.000Z, con este si con este no ,,18000,32000,153,https://twitter.com/ingrodolfohdez/status/1332825659085885441,[]
Ing Rodolfo Hernandez !,@ingrodolfohdez,2020-11-28T01:38:51.000Z,compartiendo futuro con la senadora élica lozano correa nov recorrí con el parques espectaculares que hizo como alcalde de bucaramanga reivindica la arquitectura y el diseño urbano para transformar entornos y comportamiento ciudadano ,,10000,8000,105,https://twitter.com/ingrodolfohdez/status/1332499163062341636,"['@angelicalozanocang', '@angelicalozanoc', '@ingrodolfohdez']"
Ing Rodolfo Hernandez !,@ingrodolfohdez,2020-11-25T18:21:30.000Z,cada año envía a sus mejores trabajadores de vacaciones a e e u u con todo incluido como premio a su esfuerzo dedicación y entrega pese a la situación del covid este año no sería la excepción queremos que sepan que ellos son el corazón de la empresa ,,27000,23000,226,https://twitter.com/ingrodolfohdez/status/1331664322033033219,['@hgconstructora']
Ing Rodolfo Hernandez !,@ingrodolfohdez,2020-11-25T18:03:12.000Z,el fútbol está de luto adiosdiego maradona,,0,4000,100,https://twitter.com/ingrodolfohdez/status/1331659717886750722,[]
Ing Rodolfo Hernandez !,@ingrodolfohdez,2020-11-21T16:27:35.000Z,bueno y porqué no pasó a saludar ,,19000,10000,114,https://twitter.com/ingrodolfohdez/status/1330186104323141632,[]
Ing Rodolfo Hernandez !,@ingrodolfohdez,2020-11-20T18:36:39.000Z, lodijoelinge,,8000,13000,92,https://twitter.com/ingrodolfohdez/status/1329856196564705282,[]
Ing Rodolfo Hernandez !,@ingrodolfohdez,2020-11-17T23:29:29.000Z,quiero hacer un llamado a la solidaridad con todos los colombianos que en estos momentos están sufriendo las consecuencias de lluvias y vientos huracanados aquí dejo unas imágenes con la información para realizar las donaciones ,,7000,10000,57,https://twitter.com/ingrodolfohdez/status/1328842728831115268,[]
Ing Rodolfo Hernandez !,@ingrodolfohdez,2020-11-07T15:05:03.000Z,la cerrada los institutos descentralizados cerrados las oficinas para atender a los ciudadanos cerradas y aún así en vez de disminuirse el gasto en contratación el gobierno de sigue aumentando la contratación con el dinero de los contribuyentes ,,26000,22000,98,https://twitter.com/ingrodolfohdez/status/1325091904283955200,"['@alcaldiabga', '@jcardenasrey']"
Ing Rodolfo Hernandez !,@ingrodolfohdez,2020-11-05T14:33:28.000Z, rodolfo hernández revela su estrategia para las presidenciales a través de plan de rodolfo hernández para ganar la presidencia en el rodolfo hernández revela su estrategia para las presidenciales eltiempo com,,13000,25000,123,https://twitter.com/ingrodolfohdez/status/1324359177708470273,"['@eltiempo', '@eltiempoel']"
Ing Rodolfo Hernandez !,@ingrodolfohdez,2020-11-03T18:06:15.000Z, únase a la línea rodolfista y ayudemos a difundir el contenido de el ingeniero para que más personas conozcan su mensaje dando clic aquí ,,21000,29000,131,https://twitter.com/ingrodolfohdez/status/1323687951541374976,[]
Ing Rodolfo Hernandez !,@ingrodolfohdez,2020-10-31T21:02:32.000Z,a pesar de las diferencias que tuvimos con horacio serpa lo respeto como ser humano y como un liberal auténtico y reconozco el interés por las causas sociales que siempre tuvo en su carrera política qepd ,,11000,27000,315,https://twitter.com/ingrodolfohdez/status/1322645151739760641,[]
Ing Rodolfo Hernandez !,@ingrodolfohdez,2020-10-31T20:48:53.000Z,desplazados mil reproducciones,,6000,9000,33,https://twitter.com/ingrodolfohdez/status/1322641717233942529,[]
Ing Rodolfo Hernandez !,@ingrodolfohdez,2020-10-30T23:25:55.000Z, subiendo según dos encuestas recientes ,,9000,32000,143,https://twitter.com/ingrodolfohdez/status/1322318847190380544,[]
Ing Rodolfo Hernandez !,@ingrodolfohdez,2020-10-29T15:53:14.000Z,cuando no se roban la plata se puede invertir en escenarios de talla mundial para que nuestros deportistas también tengan la oportunidad de ser de talla mundial ,,16000,43000,314,https://twitter.com/ingrodolfohdez/status/1321842539691974659,[]
Ing Rodolfo Hernandez !,@ingrodolfohdez,2020-10-27T02:05:40.000Z, quieren saber cuál es el nuevo emprendimiento de la ex esposa de juan carlos cárdenas el alcalde de bucaramanga conózcalo aquí glifosato para el desayuno powered by restream youtube com,,7000,11000,41,https://twitter.com/ingrodolfohdez/status/1320909498656182273,[]
Ing Rodolfo Hernandez !,@ingrodolfohdez,2020-10-26T12:03:36.000Z,los espero hoy lunes de octubre en el programa en vivo “hable con el ingeniero” a las p m en todas mis redes sociales ,,8000,12000,73,https://twitter.com/ingrodolfohdez/status/1320697586702028804,[]
Ing Rodolfo Hernandez !,@ingrodolfohdez,2020-10-03T22:17:28.000Z, expresidentes a juicio ampliaremos este tema el próximo lunes de octubre a las pm en mi programa en vivo hable con el ingeniero en todas mis redes sociales los espero ,,3000,17000,55,https://twitter.com/ingrodolfohdez/status/1312517148317638656,[]
Ing Rodolfo Hernandez !,@ingrodolfohdez,2020-10-03T21:22:44.000Z,dentro de esta larga lucha por la defensa del páramo de santurbán hemos dado un importante paso como sociedad esto aún no se ha terminado y por eso debemos seguir concentrados en la tarea de defender nuestros recursos el día martes los acompañaré con más fuerza que núnca ,,1000,38000,188,https://twitter.com/ingrodolfohdez/status/1312503374206574592,[]
Ing Rodolfo Hernandez !,@ingrodolfohdez,2020-10-03T00:18:07.000Z,bolillo o bala ampliaremos este tema el próximo lunes de octubre a las pm en mi programa en vivo hable con el ingeniero en todas mis redes sociales los espero quino quinoeterno mafalda,,4000,10000,43,https://twitter.com/ingrodolfohdez/status/1312185123245182977,[]
Ing Rodolfo Hernandez !,@ingrodolfohdez,2020-10-02T23:39:42.000Z,colombia celebra hoy el día del boyacensismo a todos los boyacences les envío un gran abrazo y mis más fervorosos deseos de bienestar para seguir viendo grande a su tierra boyaca tierra de gente trabajadora y orgullosa de su historia ,,9000,40000,237,https://twitter.com/ingrodolfohdez/status/1312175456951521280,[]
Ing Rodolfo Hernandez !,@ingrodolfohdez,2020-10-02T18:06:24.000Z,a quienes se estaban preguntando en dónde estaba el ing rodolfo hernández en las encuestas aquí les dejo una imagen que muestra que las grandes proezas comienzan desde abajo ,,76000,67000,374,https://twitter.com/ingrodolfohdez/status/1312091579277086720,[]
Ing Rodolfo Hernandez !,@ingrodolfohdez,2020-09-30T14:27:13.000Z,qué sometimiento el de este gobierno a un jefe de estado extranjero al que lo único que le interesa de colombia son los votos de los uribistas que viven en la florida ,,18000,40000,223,https://twitter.com/ingrodolfohdez/status/1311311644505583621,[]
Ing Rodolfo Hernandez !,@ingrodolfohdez,2020-09-29T17:02:23.000Z,las emisoras comunitarias son uno de los mejores caminos para que las poblaciones colombianas especialmente las rurales trabajen unidas por el desarrollo de los municipios gracias san vicente stereo por permitirnos llevar nuestro mensaje a esta bella población ,,6000,19000,67,https://twitter.com/ingrodolfohdez/status/1310988306214199296,['@sanvicentech']
Ing Rodolfo Hernandez !,@ingrodolfohdez,2020-09-29T13:54:09.000Z,el cacao producido en el municipio de san vicente de chucurí es el mejor del mundo por eso es importante no solo conocer su producción sino también la historia de su gente y de sus necesidades ,,14000,100000,559,https://twitter.com/ingrodolfohdez/status/1310940934696296455,[]
Ing Rodolfo Hernandez !,@ingrodolfohdez,2020-09-01T13:00:45.000Z, lodijoelinge,,10000,17000,94,https://twitter.com/ingrodolfohdez/status/1300780636303765504,[]
Ing Rodolfo Hernandez !,@ingrodolfohdez,2020-09-01T00:29:16.000Z, duque no puede hacer reformas sin el consentimiento de los colombianos ing rodolfo hernandez duque no puede hacer reformas sin el consentimiento de los colombianos pscp tv,,4000,20000,61,https://twitter.com/ingrodolfohdez/status/1300591516516196353,['@ingrodolfohdez']
Ing Rodolfo Hernandez !,@ingrodolfohdez,2020-08-30T20:03:25.000Z,los espero mañana lunes de agosto en el programa en vivo “hable con el ingeniero” a las p m en todas mis redes sociales ,,5000,17000,81,https://twitter.com/ingrodolfohdez/status/1300162229363519488,[]
Ing Rodolfo Hernandez !,@ingrodolfohdez,2020-08-29T21:16:07.000Z, vergüenza nos están espiando con la plata de los colombianos ver ampliaremos este tema el próximo lunes de agosto a las pm en mi programa en vivo hable con el ingeniero en todas mis redes sociales los espero vergüenza nos están espiando con la plata de los colombianos ampliaremos este tema el próximo lunes de agosto a las pm en mi programa en vivo hable con el ingeniero en todas mis redes sociales los espero youtube com,,7000,23000,73,https://twitter.com/ingrodolfohdez/status/1299818134841495552,[]
Ing Rodolfo Hernandez !,@ingrodolfohdez,2020-08-29T17:19:42.000Z,duque no puede hacer reformas sin el consentimiento de los colombianos ver ampliaremos este tema el próximo lunes de agosto a las pm en mi programa en vivo hable con el ingeniero en todas mis redes sociales los espero duque no puede hacer reformas sin el consentimiento de los colombia ampliaremos este tema el próximo lunes de agosto a las pm en mi programa en vivo hable con el ingeniero en todas mis redes sociales los espero youtube com,,3000,16000,43,https://twitter.com/ingrodolfohdez/status/1299758638748360705,[]
Ing Rodolfo Hernandez !,@ingrodolfohdez,2020-08-29T00:39:04.000Z, otra vez duque haciéndole los mandados a trump ver ampliaremos este tema el próximo lunes de agosto a las pm en mi programa en vivo hable con el ingeniero en todas mis redes sociales los espero otra vez duque haciéndole los mandados a trump ampliaremos este tema el próximo lunes de agosto a las pm en mi programa en vivo hable con el ingeniero en todas mis redes sociales los espero youtube com,,7000,13000,82,https://twitter.com/ingrodolfohdez/status/1299506821959487489,[]
Ing Rodolfo Hernandez !,@ingrodolfohdez,2020-08-27T01:09:55.000Z, me atacan porque están asustados ,,37000,60000,305,https://twitter.com/ingrodolfohdez/status/1298789809004122112,[]
Ing Rodolfo Hernandez !,@ingrodolfohdez,2020-08-25T00:29:33.000Z, alerta colombia la democracia en peligro ing rodolfo hernandez alerta colombia la democracia en peligro pscp tv,,2000,35000,75,https://twitter.com/ingrodolfohdez/status/1298054874093953025,['@ingrodolfohdez']
Ing Rodolfo Hernandez !,@ingrodolfohdez,2020-08-16T11:01:19.000Z,hablan de modificar la constitución en lugar de ponerse a legislar para q en la nueva economía post pandemia los q trabajen desde sus casas vía internet tenga los mismos derechos laborales q los que deben trabajar de manera presencial…,,3000,30000,147,https://twitter.com/ingrodolfohdez/status/1294952372712747009,[]
Ing Rodolfo Hernandez !,@ingrodolfohdez,2020-08-15T23:01:19.000Z,hablan de modificar la constitución en lugar de ponerse a legislar el trabajo domiciliario que con el coronavirus ha subido en la demanda pero también en los riesgos ,,7000,18000,128,https://twitter.com/ingrodolfohdez/status/1294771178452799489,[]
Ing Rodolfo Hernandez !,@ingrodolfohdez,2020-08-15T18:24:47.000Z, y no esperen a duque pidan la vacuna ver ampliaremos este tema el próximo lunes de agosto a las pm en mi programa en vivo hable con el ingeniero en todas mis redes sociales los espero claudia lópex y daniel quintero no esperen a duque pidan la vacuna ampliaremos este tema el próximo lunes de agosto a las pm en mi programa en vivo hable con el ingeniero en todas mis redes sociales los espero youtube com,,0,5000,20,https://twitter.com/ingrodolfohdez/status/1294701587127062530,"['@claudialopez', '@quinterocalle']"
Ing Rodolfo Hernandez !,@ingrodolfohdez,2020-08-15T15:10:09.000Z,hablan de modificar la constitución en lugar de ponerse a legislar para prohibir los despidos en los próximos meses para que el coronavirus no se convierta en la excusa para reducir costos de personal y optimizar la producción con menos mano de obra ,,5000,36000,157,https://twitter.com/ingrodolfohdez/status/1294652608427196416,[]
Ing Rodolfo Hernandez !,@ingrodolfohdez,2020-08-15T11:55:05.000Z,hablan de modificar la constitución en lugar de ponerse a legislar para aplicar subsidios en el pago de los servicios públicos para ayudar a las pymes para ayudar a los comerciantes para ayudar a los dueños de restaurantes que hace cinco meses tienen sus ventas estancadas ,,9000,77000,300,https://twitter.com/ingrodolfohdez/status/1294603514409365508,[]
Ing Rodolfo Hernandez !,@ingrodolfohdez,2020-08-15T01:59:17.000Z,duque en cuesta abajo uno de los presidentes con más baja aceptación de américa ampliaremos este tema el próximo lunes de agosto a las pm en mi programa en vivo hable con el ingeniero en todas mis redes sociales los espero ver duque en cuesta abajo uno de los presidentes con más baja aceptac ampliaremos este tema el próximo lunes de agosto a las pm en mi programa en vivo hable con el ingeniero en todas mis redes sociales los espero youtube com,,9000,14000,48,https://twitter.com/ingrodolfohdez/status/1294453577650405377,[]
Ing Rodolfo Hernandez !,@ingrodolfohdez,2020-08-15T00:32:46.000Z, lodijoelingeniero,,10000,39000,143,https://twitter.com/ingrodolfohdez/status/1294431807434371072,[]
Ing Rodolfo Hernandez !,@ingrodolfohdez,2020-08-14T23:01:23.000Z,hablan de modificar la constitución en lugar de ponerse a legislar sobre las nuevas funciones y las nuevas leyes bajo las que se debe regir un estado social de derecho que garantice la seguridad alimentaria de los más vulnerables ,,2000,48000,178,https://twitter.com/ingrodolfohdez/status/1294408809042116608,[]
Ing Rodolfo Hernandez !,@ingrodolfohdez,2020-08-14T15:02:32.000Z,ahora quieren modificar la constitución en lugar de ponerse a legislar sobre el dramático panorama sanitario económico y social que nos está dejando esta pandemia ,,11000,75000,343,https://twitter.com/ingrodolfohdez/status/1294288300241551365,[]
Ing Rodolfo Hernandez !,@ingrodolfohdez,2020-08-14T11:05:19.000Z, ya es hora de que usted se ponga del lado de los colombianos y no de todos estos politiqueros que con la excusa de uribe quieren seguir robando impunemente quieren seguir saqueando y despilfarrando los recursos públicos ,,0,6000,18,https://twitter.com/ingrodolfohdez/status/1294228602171662338,['@ivanduque']
Ing Rodolfo Hernandez !,@ingrodolfohdez,2020-08-13T23:01:52.000Z,el presidente dijo en una entrevista con caracol que hay muchos corruptos que le tienen miedo a una reforma a la justicia bueno presidente entonces diga quienes son diga si están en su propio partido o si son de otros partidos de su coalición de gobierno ,,31000,163000,627,https://twitter.com/ingrodolfohdez/status/1294046543696338945,['@ivanduque']
Ing Rodolfo Hernandez !,@ingrodolfohdez,2020-08-13T15:02:09.000Z,la senadora paloma valencia del centro democrático dice que hay que despolitizar la justicia no señora no hay que despolitizar la justicia hay que desratizar el congreso ,,29000,141000,591,https://twitter.com/ingrodolfohdez/status/1293925815483338752,[]
Ing Rodolfo Hernandez !,@ingrodolfohdez,2020-08-13T11:01:25.000Z,ponen a la senadora paloma valencia de paloma mensajera a decir cosas que ellos no se animan ellos quieren una justicia que no actúe que no investigue que no mande a la cárcel a toda esa ladronera impune que ha tomado por asalto los recursos públicos de colombia ,,75000,503000,1500,https://twitter.com/ingrodolfohdez/status/1293865235120521219,[]
Ing Rodolfo Hernandez !,@ingrodolfohdez,2020-08-12T23:05:08.000Z,en una democracia de verdad en una democracia participativa la selección y elección de las personas que aspiren a la contraloría la procuraduría y la fiscalía la deberían hacer los ciudadanos esta es la modificación que hay que hacerle a la justicia ,,17000,59000,213,https://twitter.com/ingrodolfohdez/status/1293684975234056192,[]
Ing Rodolfo Hernandez !,@ingrodolfohdez,2020-08-12T15:02:09.000Z,escuchen colombianos en colombia la justicia va a funcionar el día que les quitemos a los corruptos el nombramiento de los candidatos a los órganos de control ,,34000,172000,674,https://twitter.com/ingrodolfohdez/status/1293563431119921152,[]
Ing Rodolfo Hernandez !,@ingrodolfohdez,2020-08-10T01:11:29.000Z, lodijoelingeniero,,14000,38000,177,https://twitter.com/ingrodolfohdez/status/1292629609121538048,[]
Ing Rodolfo Hernandez !,@ingrodolfohdez,2020-08-09T16:20:47.000Z,los espero mañana de agosto en el programa en vivo “hable con el ingeniero” a las p m en todas mis redes sociales ,,8000,27000,107,https://twitter.com/ingrodolfohdez/status/1292496053724487697,[]
Ing Rodolfo Hernandez !,@ingrodolfohdez,2020-08-05T23:01:38.000Z,para los politiqueros del centro democrático los que no piensan como ellos no pueden opinar…,,27000,126000,827,https://twitter.com/ingrodolfohdez/status/1291147380134477824,[]
Ing Rodolfo Hernandez !,@ingrodolfohdez,2020-08-05T21:45:18.000Z,“asalto“ en el municipio del playón asaltada la buena fe del ingeniero y del director de ver “asalto“ en el municipio del playón asaltada la buena fé del ingeniero y del director de la liga de gobernantes anticorrupción youtube com,,4000,5000,21,https://twitter.com/ingrodolfohdez/status/1291128168900960258,"['@ligagobernantes', '@oscarjahir_']"
Ing Rodolfo Hernandez !,@ingrodolfohdez,2020-08-05T13:49:59.000Z, auribeledigo señor uribe los colombianos estamos cansados de que usted hable de los opositores como enemigos delcasouribepienso,,64000,237000,1200,https://twitter.com/ingrodolfohdez/status/1291008554451730434,[]
Ing Rodolfo Hernandez !,@ingrodolfohdez,2020-08-05T00:33:03.000Z,nuestra posición es defender el páramo nuestro oro es el agua ver nuestra posición es defender el páramo nuestro oro es el agua youtube com,,3000,44000,157,https://twitter.com/ingrodolfohdez/status/1290807999620055043,"['@oscarjahir_', '@ligagobernantes']"
Ing Rodolfo Hernandez !,@ingrodolfohdez,2020-08-04T23:01:33.000Z,para cualquiera que no piense como uribe es comunista izquierdista o castrochavista… hágame el favor ,,153000,633000,2800,https://twitter.com/ingrodolfohdez/status/1290784970043265025,['@alvarouribevel']
Ing Rodolfo Hernandez !,@ingrodolfohdez,2020-08-04T01:52:02.000Z,para uribe stiglitz es comunista ing rodolfo hernandez para uribe stiglitz es comunista pscp tv,,5000,18000,44,https://twitter.com/ingrodolfohdez/status/1290465485897768963,['@ingrodolfohdez']
Ing Rodolfo Hernandez !,@ingrodolfohdez,2020-08-04T01:37:28.000Z,para uribe stiglitz es comunista ing rodolfo hernandez para uribe stiglitz es comunista pscp tv,,5000,19000,48,https://twitter.com/ingrodolfohdez/status/1290461822403911680,['@ingrodolfohdez']
Ing Rodolfo Hernandez !,@ingrodolfohdez,2020-08-04T00:29:40.000Z,para uribe stiglitz es comunista ing rodolfo hernandez para uribe stiglitz es comunista pscp tv,,9000,29000,75,https://twitter.com/ingrodolfohdez/status/1290444759883014150,['@ingrodolfohdez']
Ing Rodolfo Hernandez !,@ingrodolfohdez,2020-07-24T11:01:54.000Z,es el presidente del país el que desde un principio debía haber llamado a la oposición a los gremios a los trabajadores a los empresarios a los comerciantes y a todos los estamentos del país para escuchar sus requerimientos sus aportes y sus ideas…,,15000,39000,219,https://twitter.com/ingrodolfohdez/status/1286617598495531008,[]
Ing Rodolfo Hernandez !,@ingrodolfohdez,2020-07-23T11:01:22.000Z,le hablo al presidente como un ciudadano más que tiene el deber y el derecho de saber cómo nos vamos a enfrentar a esta enfermedad y a las secuelas sociales y económicas que va a generar ,,16000,35000,184,https://twitter.com/ingrodolfohdez/status/1286255076697309184,[]
Ing Rodolfo Hernandez !,@ingrodolfohdez,2020-07-22T22:40:51.000Z, positivo en la vida negativo en el covid me hice la prueba del covid y di negativo ,,17000,20000,272,https://twitter.com/ingrodolfohdez/status/1286068722067820544,[]
Ing Rodolfo Hernandez !,@ingrodolfohdez,2020-07-22T11:01:00.000Z,a los que me preguntan que porqué le hablo al presidente pues porque es el presidente y todos los colombianos tenemos el derecho y el deber de exigirle que se ponga al frente de esta pandemia social y sanitaria,,29000,65000,449,https://twitter.com/ingrodolfohdez/status/1285892597932752896,[]
Ing Rodolfo Hernandez !,@ingrodolfohdez,2020-07-21T16:10:36.000Z,el presidente se enfurece con los que le reclaman por sus errores y los llama politiqueros politiquero es usted que vive haciendo marketing político en lugar de ponerse al frente de esta pandemia social ,,33000,191000,815,https://twitter.com/ingrodolfohdez/status/1285608121067606022,[]
Ing Rodolfo Hernandez !,@ingrodolfohdez,2020-07-21T00:32:07.000Z,señor presidente los politiqueros son ustedes ing rodolfo hernandez señor presidente los politiqueros son ustedes pscp tv,,11000,50000,130,https://twitter.com/ingrodolfohdez/status/1285371944242536449,['@ingrodolfohdez']
Ing Rodolfo Hernandez !,@ingrodolfohdez,2020-07-20T19:47:25.000Z, feliz día de la independencia para todos dejulio mil reproducciones,,4000,18000,93,https://twitter.com/ingrodolfohdez/status/1285300296609075200,[]
Ing Rodolfo Hernandez !,@ingrodolfohdez,2020-07-19T17:35:09.000Z,los espero mañana de julio en el programa “hable con el ingeniero” a las pm,,3000,13000,75,https://twitter.com/ingrodolfohdez/status/1284904625083166721,[]
Ing Rodolfo Hernandez !,@ingrodolfohdez,2020-07-17T11:44:11.000Z, lodijoelingeniero,,19000,47000,200,https://twitter.com/ingrodolfohdez/status/1284091523299266561,[]
Ing Rodolfo Hernandez !,@ingrodolfohdez,2020-07-17T11:01:19.000Z,este gobierno ya está pensando en clavarle más impuestos a los pobres y a la clase media colombiana…,,37000,97000,394,https://twitter.com/ingrodolfohdez/status/1284080737151594496,[]
Ing Rodolfo Hernandez !,@ingrodolfohdez,2020-07-16T11:15:16.000Z, deje de hacer marketing político con el chavismo y venezuela para subir en las encuestas porque sabe que a los colombianos no le gusta el chavismo dedíquese a colombia que lo necesita más que venezuela ,,2000,8000,33,https://twitter.com/ingrodolfohdez/status/1283721861902327808,['@ivanduque']
Ing Rodolfo Hernandez !,@ingrodolfohdez,2020-07-11T11:01:42.000Z, en qué se usaron los billones si no fueron a los hospitales si los mercados los tuvieron q asumir las alcaldías y las gobernaciones si no hubo ni un solo crédito para las pymes ni un peso para el comercio y los restaurantes que están quiebra ,,32000,193000,583,https://twitter.com/ingrodolfohdez/status/1281906507848785921,[]
Ing Rodolfo Hernandez !,@ingrodolfohdez,2020-07-11T02:09:46.000Z,el ingeniero rodolfo hernández en entrevista con compra de votos del uribismo y especial de matarife estuvimos debatiendo con grandes activistas y políticos representantes del progresismos en colombia kate juvinao rodolfo hernández david racero julián ma youtube com,,10000,7000,36,https://twitter.com/ingrodolfohdez/status/1281772639787397122,['@levyrincon']
Ing Rodolfo Hernandez !,@ingrodolfohdez,2020-07-10T18:51:47.000Z,link rincón jul invitados todos a las pm a mi canal de youtube al debate en vivo y en directo sobre la corrupción compra de votos del uribismo y el capítulo estreno de matarife link ,,9000,23000,65,https://twitter.com/ingrodolfohdez/status/1281662418939256837,"['@levyrincon', '@cathyjuvinao', '@julianfmartinez', '@davidracero', '@medicenwally', '@ingrodolfohdez']"
Ing Rodolfo Hernandez !,@ingrodolfohdez,2020-07-10T15:02:25.000Z, por qué en lugar de darle plata a los hospitales le da plata a los intermediarios financieros ,,2000,8000,26,https://twitter.com/ingrodolfohdez/status/1281604699116965888,['@ivanduque']
Ing Rodolfo Hernandez !,@ingrodolfohdez,2020-07-10T11:01:28.000Z,la economía se reactiva promoviendo el consumo de alimentos y ropa no de electrodomésticos importados la economía se reactiva de abajo hacia arriba protegiendo a los colombianos más vulnerables con la rbu la economía se reactiva poniendo plata en el bolsillo de la gente ,,35000,147000,511,https://twitter.com/ingrodolfohdez/status/1281544058062745605,[]
Ing Rodolfo Hernandez !,@ingrodolfohdez,2020-07-10T01:29:10.000Z,la pandemia crece y el gobierno se relaja ingrodolfohernandez mil reproducciones,,9000,19000,91,https://twitter.com/ingrodolfohdez/status/1281400035306020865,[]
Ing Rodolfo Hernandez !,@ingrodolfohdez,2020-07-09T15:02:13.000Z,esta no es la manera de abrir la economía esta es la manera de cerrarla ,,5000,14000,128,https://twitter.com/ingrodolfohdez/status/1281242257719468033,[]
Ing Rodolfo Hernandez !,@ingrodolfohdez,2020-07-09T11:01:24.000Z,una apertura organizada debe hacerse por fases y regiones no es lo mismo el tipo de apertura para santander q para bogotá o atlántico o bolívar o valle del cauca un apertura sin protocolos de seguridad y sin repartir tapabocas a los más pobres es una improvisación ,,10000,37000,197,https://twitter.com/ingrodolfohdez/status/1281181654502047744,[]
Ing Rodolfo Hernandez !,@ingrodolfohdez,2020-07-08T15:02:22.000Z,llevamos meses cuidándonos como para echarlo todo a perder en un día en un día sin iva ,,6000,23000,172,https://twitter.com/ingrodolfohdez/status/1280879910362451970,[]
Ing Rodolfo Hernandez !,@ingrodolfohdez,2020-07-08T14:37:12.000Z,“ minutos con el ingeniero” es un nuevo espacio para que hablemos y para que yo responda las preguntas que quieran en minutos a través de mi red social de instagram los espero hoy a las pm ,,4000,3000,18,https://twitter.com/ingrodolfohdez/status/1280873573524156416,[]
Ing Rodolfo Hernandez !,@ingrodolfohdez,2020-07-08T11:01:22.000Z,la opción no es proteger la económica o cuidar la salud de los colombianos la opción es hacer las dos cosas ,,10000,39000,270,https://twitter.com/ingrodolfohdez/status/1280819259673845760,[]
Ing Rodolfo Hernandez !,@ingrodolfohdez,2020-07-07T23:00:38.000Z,eeuu brasil y suecia son ejemplos de lo q no se debe hacer italia españa francia y portugal son ejemplos de lo q se debe hacer los países q hicieron la apertura la hicieron por fases y con la curva de contagios y muertes en descenso no en aumento como hace este gobierno ,,12000,37000,186,https://twitter.com/ingrodolfohdez/status/1280637881963470849,[]
Ing Rodolfo Hernandez !,@ingrodolfohdez,2020-07-07T17:46:49.000Z,mientras que “no robar no mentir no traicionar” no sea el pan de cada día esto no lo arregla nadie ,,47000,114000,493,https://twitter.com/ingrodolfohdez/status/1280558906704625664,[]
Ing Rodolfo Hernandez !,@ingrodolfohdez,2020-07-07T17:35:34.000Z, semana jul “los politiqueros todos los días desobedecen las leyes en todos los ámbitos … sé cómo actúa la politiquería esto no lo arregla nadie nunca hay plata para los pobres se roban todo” apetroledigo en vivo ,,0,0,6,https://twitter.com/ingrodolfohdez/status/1280556072948961281,"['@revistasemana', '@vickydavilahrevista', '@revistasemana', '@ingrodolfohdez']"
Ing Rodolfo Hernandez !,@ingrodolfohdez,2020-07-01T00:42:15.000Z, hay que poner plata en el bolsillo de la gente ya o estamos perdidos ver hay que poner plata en el bolsillo de la gente ya o estamos perdidos youtube com,,6000,19000,67,https://twitter.com/ingrodolfohdez/status/1278126739273789441,[]
Ing Rodolfo Hernandez !,@ingrodolfohdez,2020-06-30T00:30:13.000Z,señor presidente vamos a reactivar la economía promocionando electrodomésticos importados ing rodolfo hernandez señor presidente vamos a reactivar la economía promocionando electrodomésticos importados pscp tv,,19000,73000,245,https://twitter.com/ingrodolfohdez/status/1277761322290049024,['@ingrodolfohdez']
Ing Rodolfo Hernandez !,@ingrodolfohdez,2020-06-27T19:28:56.000Z,sr presidente cuántas familias conoce usted que puedan sobrevivir con mil pesos ver sr presidente cuántas familias conoce usted que puedan sobrevivir youtube com,,9000,33000,135,https://twitter.com/ingrodolfohdez/status/1276960724103974912,[]
Ing Rodolfo Hernandez !,@ingrodolfohdez,2020-06-27T18:49:04.000Z,sr presidente los ladrones también tienen día sin iva ver sr presidente los ladrones también tienen día sin iva youtube com,,7000,12000,62,https://twitter.com/ingrodolfohdez/status/1276950693048397824,[]
Ing Rodolfo Hernandez !,@ingrodolfohdez,2020-06-27T15:23:43.000Z,sr presidente vamos a reactivar la economía promocionando electrodomésticos importados ver ,,3000,29000,95,https://twitter.com/ingrodolfohdez/status/1276899016115183616,[]
Ing Rodolfo Hernandez !,@ingrodolfohdez,2020-06-27T11:01:48.000Z,no tenemos un estado social un estado que garantice créditos para la construcción de vivienda o garantice créditos para salvar a la pequeña y mediana empresa esos créditos que los bancos no quisieron dar y el estado no quiso garantizar ,,11000,59000,271,https://twitter.com/ingrodolfohdez/status/1276833100006395904,[]
Ing Rodolfo Hernandez !,@ingrodolfohdez,2020-06-26T19:12:39.000Z,las instituciones públicas no deben ser bonitas deben útiles y productivas jahir hernández rugeles jun ver a los funcionarios públicos de la defendiendo la existencia del es un absurdo se robaron la institución y el gerente sale a decir que es una entidad muy bonita bonito será el día que la liquiden y dejen de jugar a los banqueros ,,1000,13000,48,https://twitter.com/ingrodolfohdez/status/1276594241951719425,"['@ligagobernantesoscar', '@oscarjahir_', '@gobdesantander', '@idesan_infi', '@fiscaliacol']"
Ing Rodolfo Hernandez !,@ingrodolfohdez,2020-06-26T11:01:50.000Z,con la crisis que provocó el coronavirus la actividad privada ha tenido un duro golpe y es importante que el estado salga a salvar a las empresas en dificultades ,,3000,34000,190,https://twitter.com/ingrodolfohdez/status/1276470722399997952,[]
Ing Rodolfo Hernandez !,@ingrodolfohdez,2020-06-25T11:01:24.000Z,el estado somos todos los colombianos y debemos arrebatárselo a estos politiqueros que lo convirtieron en su “fuente de negocios”,,18000,100000,475,https://twitter.com/ingrodolfohdez/status/1276108225734234112,[]
Ing Rodolfo Hernandez !,@ingrodolfohdez,2020-06-25T00:09:02.000Z,nosotros creamos el plan cien creyendo en los compradores sin pedir papeles ver nosotros creamos el plan cien creyendo en los compradores sin pedir youtube com,,0,4000,27,https://twitter.com/ingrodolfohdez/status/1275944051494342662,['@hgconstructora']
Ing Rodolfo Hernandez !,@ingrodolfohdez,2020-06-24T16:20:05.000Z,los colombianos ahorraron para ser dueños de una casa y quieren convertirlos en inquilinos pagándoles un “arriendo” al que llaman renta vitalica ,,11000,50000,228,https://twitter.com/ingrodolfohdez/status/1275826037226713088,[]
Ing Rodolfo Hernandez !,@ingrodolfohdez,2020-06-24T00:50:11.000Z, frasedeldia,,4000,37000,140,https://twitter.com/ingrodolfohdez/status/1275592019390291968,[]
Ing Rodolfo Hernandez !,@ingrodolfohdez,2020-06-18T13:19:15.000Z,aclaración ,,2000,20000,66,https://twitter.com/ingrodolfohdez/status/1273606201360764932,[]
Ing Rodolfo Hernandez !,@ingrodolfohdez,2020-06-18T11:01:09.000Z,cada vez q hay un acto de corrupción evidente en cualquier lugar de colombia el procurador sale enseguida en tv a decir q “los tiene bajo la lupa” hágame el favor esa lupa debe estar empañada pq los corruptos siguen robando a la vista de todo el mundo y el “no los ve” ,,36000,250000,662,https://twitter.com/ingrodolfohdez/status/1273571447127015424,[]
Ing Rodolfo Hernandez !,@ingrodolfohdez,2020-06-17T23:30:27.000Z,al procurador no le gusta que se le hable duro a la corrupción me impone sanciones disciplinarias por hablar duro por decir la verdad de frente me impone sanciones disciplinarias a mí que no me robe ni un centavo ,,42000,88000,418,https://twitter.com/ingrodolfohdez/status/1273397628408139777,[]
Ing Rodolfo Hernandez !,@ingrodolfohdez,2020-06-17T17:00:27.000Z,todo mi sueldo durante los años de gestión doné mi sueldo para otorgar becas a los estudiantes pilos de bucaramanga fueron más millones de pesos donados y este procurador me impone una multa de millones sobre salarios q nunca recibí así de cínicos son ,,6000,31000,149,https://twitter.com/ingrodolfohdez/status/1273299481719713794,[]
Ing Rodolfo Hernandez !,@ingrodolfohdez,2020-06-17T17:00:27.000Z,hilo en la resolución de la tercer sanción disciplinaria el procurador me multa con millones de deducibles de mis salarios como alcalde ridículo ridículo e ignorante porque debería saber q yo como alcalde además de q no me robé un peso doné mi sueldo íntegro de alcalde,,16000,49000,192,https://twitter.com/ingrodolfohdez/status/1273299479840555009,[]
Ing Rodolfo Hernandez !,@ingrodolfohdez,2020-06-17T00:30:10.000Z,corrupción todo el mundo le quiere sacar las plumas al estado ingrodolfohernandez,,5000,27000,114,https://twitter.com/ingrodolfohdez/status/1273050267085418496,[]
Ing Rodolfo Hernandez !,@ingrodolfohdez,2020-06-16T00:29:27.000Z,le doy una idea presidente aplíquese usted mismo el trabajo por horas mil espectadores ing rodolfo hernandez le doy una idea presidente aplíquese usted mismo el trabajo por horas pscp tv,,7000,37000,116,https://twitter.com/ingrodolfohdez/status/1272687697522352128,['@ingrodolfohdez']
Ing Rodolfo Hernandez !,@ingrodolfohdez,2020-06-15T21:02:55.000Z,para los colombianos reforma laboral para la corrupción y politiquería choferes y gastos de representación imponer la reforma laboral por decreto es ilegal y anticonstitucional estamos en democracia ud no puede violar los derechos de los trabajadores ,,6000,44000,222,https://twitter.com/ingrodolfohdez/status/1272635725067018244,['@ivanduque']
Ing Rodolfo Hernandez !,@ingrodolfohdez,2020-06-15T15:03:54.000Z,presidente usted está por hacer realidad el sueño de … cuál es el sueño de uribe q en colombia el salario se pague por hrs trabajadas y q digan que no es así q digan q no están introduciendo la reforma laboral aprovechando el coronavirus ,,14000,124000,428,https://twitter.com/ingrodolfohdez/status/1272545372318154757,['@alvarouribevel']
Ing Rodolfo Hernandez !,@ingrodolfohdez,2020-06-15T11:04:38.000Z,hoy a las pm por todas mis redes sociales en el programa en vivo “hable con el ingeniero” los espero ,,3000,10000,66,https://twitter.com/ingrodolfohdez/status/1272485158785032193,[]
Ing Rodolfo Hernandez !,@ingrodolfohdez,2020-06-15T11:02:48.000Z,dónde están los créditos de los bancos dónde está el estado apoyando a las pequeñas y medianas empresas y a los comerciantes y dueños de restaurantes para q puedan pagar arriendo y prima todo al revés esto es mezquino ,,22000,102000,426,https://twitter.com/ingrodolfohdez/status/1272484697906520069,[]
Ing Rodolfo Hernandez !,@ingrodolfohdez,2020-06-14T23:01:51.000Z,para q sirven los días sin iva si nadie va a poder comprar nada para q sirven los días sin iva sin prima todo al revés en lugar de impulsar el consumo se le quita la plata de la prima a la gente hágame el favor ,,34000,165000,571,https://twitter.com/ingrodolfohdez/status/1272303267037446144,[]
Ing Rodolfo Hernandez !,@ingrodolfohdez,2020-06-14T15:02:48.000Z,le recuerdo que colombia mantiene relaciones diplomáticas con eeuu no con donald trump no con el partido repúblicano si usted tiene simpatías con ellos me parece muy bien pero deje a colombia al margen de esos partidismos…,,3000,47000,221,https://twitter.com/ingrodolfohdez/status/1272182707737571328,['@ivanduque']
Ing Rodolfo Hernandez !,@ingrodolfohdez,2020-06-12T23:01:42.000Z,los abuelitos que usted decidió que no pueden salir hasta finales de agosto necesitan salir para ganarse el sustento… si no salen se mueren de hambre ,,16000,42000,202,https://twitter.com/ingrodolfohdez/status/1271578450973921280,['@ivanduque']
Ing Rodolfo Hernandez !,@ingrodolfohdez,2020-06-12T15:02:39.000Z,presidente duque si usted quiere tanto a los “abuelitos” como dice por qué no les da una pensión básica ,,23000,140000,489,https://twitter.com/ingrodolfohdez/status/1271457896501579779,['@ivanduque']
Ing Rodolfo Hernandez !,@ingrodolfohdez,2020-06-12T11:01:46.000Z,a pesar del robo salvaje q ha sufrido colombia durante años todavía hay en las arcas recursos suficientes para aplicar la rbu si no lo hacen es pq no quieren o pq siguen esperando q llueva plata de arriba para abajo algo q no pasó nunca y mucho menos va a pasar ahora ,,0,26000,108,https://twitter.com/ingrodolfohdez/status/1271397274237775873,[]
Ing Rodolfo Hernandez !,@ingrodolfohdez,2020-06-11T23:02:16.000Z,si no se hubieran robado tanto tendríamos hospitales respiradores unidades de cuidados intensivos y el sistema de salud no dependería de donaciones para poder hacer las pruebas de coronavirus como está pasando en cartagena y barranquilla sigan votando por los char ,,12000,82000,319,https://twitter.com/ingrodolfohdez/status/1271216205945241600,[]
Ing Rodolfo Hernandez !,@ingrodolfohdez,2020-06-11T15:10:26.000Z,se han robado lo q produjeron los colombianos en los últimos años se robaron varios pib se robaron los millones de dólares q pidieron a la banca multilateral y también se van a robar los mil millones q ahora le solicitan al fondo monetario internacional sin vergüenzas ,,13000,97000,303,https://twitter.com/ingrodolfohdez/status/1271097466113396736,[]
Ing Rodolfo Hernandez !,@ingrodolfohdez,2020-06-11T11:40:10.000Z, jamás haré alianzas con politiqueros corruptos mi alianza es con el pueblo ver jamás haré alianzas con politiqueros corruptos mi alianza es con el youtube com,,17000,42000,165,https://twitter.com/ingrodolfohdez/status/1271044551889883137,[]
Ing Rodolfo Hernandez !,@ingrodolfohdez,2020-06-11T11:05:24.000Z, deje las recetas neoliberales de lado el único remedio para la reactivación es poner plata en el bolsillo de la gente con la rbu renta básica universal,,1000,5000,12,https://twitter.com/ingrodolfohdez/status/1271035800701079552,['@ivanduque']
Ing Rodolfo Hernandez !,@ingrodolfohdez,2020-06-11T00:16:05.000Z, también en boyaca se roban todo porque colombia es rica mil reproducciones,,3000,22000,61,https://twitter.com/ingrodolfohdez/status/1270872395746816012,['@oscarjahir_0:48']
Ing Rodolfo Hernandez !,@ingrodolfohdez,2020-06-10T23:01:42.000Z,lo vengo diciendo lo repito y lo sostengo esto se arregla de abajo para arriba y no de arriba para abajo ,,14000,100000,428,https://twitter.com/ingrodolfohdez/status/1270853677037821953,[]
Ing Rodolfo Hernandez !,@ingrodolfohdez,2020-06-10T15:02:00.000Z,la plata no escurre de arriba para abajo la plata brota brota de abajo para arriba la plata en el bolsillo de la gente es un brote que hace florecer el consumo si florece el consumo si se reactiva el consumo estadodebienestar,,2000,21000,84,https://twitter.com/ingrodolfohdez/status/1270732958098391040,[]
Ing Rodolfo Hernandez !,@ingrodolfohdez,2020-06-10T11:01:04.000Z,sin consumo no hay producción sin consumo no hay reactivación sin consumo no hay economíaaaaaaaaaa sr presidente no espere que llueva plata de los ricos y les llegue a los pobres es más fácil que llueva café que plata ,,13000,66000,309,https://twitter.com/ingrodolfohdez/status/1270672325277552640,['@ivanduque']
Ing Rodolfo Hernandez !,@ingrodolfohdez,2020-06-10T00:54:45.000Z, el presidente tiene que vivir y actuar como vive la media de los colombianos ,,3000,38000,123,https://twitter.com/ingrodolfohdez/status/1270519739048177664,[]
Ing Rodolfo Hernandez !,@ingrodolfohdez,2020-06-09T15:01:14.000Z,fui el primero en lanzar la propuesta de la rbu renta básica universal a la que ahora se suma el partido verde y hasta el presidente de la andi pero el presidente no escucha o no entiende sigue dandole plata a los ricos ,,15000,85000,326,https://twitter.com/ingrodolfohdez/status/1270370373398388736,['@ivanduque']
Ing Rodolfo Hernandez !,@ingrodolfohdez,2020-06-09T12:36:24.000Z,el ingeniero rodolfo hernández en entrevista con la cristalina estéreo ver el ingeniero rodolfo hernández en entrevista con la cristalina estéreo youtube com,,2000,3000,25,https://twitter.com/ingrodolfohdez/status/1270333928424038401,[]
Ing Rodolfo Hernandez !,@ingrodolfohdez,2020-06-09T00:36:08.000Z,sr presidente es más fácil que llueva café que plata ing rodolfo hernandez sr presidente es más fácil que llueva café que plata pscp tv,,3000,32000,94,https://twitter.com/ingrodolfohdez/status/1270152666065166337,['@ingrodolfohdez']
Ing Rodolfo Hernandez !,@ingrodolfohdez,2020-06-06T00:21:43.000Z,sr presidente prepárese para pedirle disculpas al “abuelito” biden ampliaremos este tema el próximo lunes de junio a las pm en todas mis redes sociales en el programa en vivo “hable con el ingeniero” los espero ver sr presidente prepárese para pedirle disculpas al “abuelito” biden ampliaremos este tema el próximo lunes de junio a las pm en todas mis redes sociales en el programa en vivo “hable con el ingeniero” youtube com,,1000,8000,28,https://twitter.com/ingrodolfohdez/status/1269061873451905026,[]
Ing Rodolfo Hernandez !,@ingrodolfohdez,2020-06-05T11:01:04.000Z,sr presidente esto no se arregla de arriba para abajo como cree carrasquila… esto se arregla de abajo para arriba por favor presidente no insista con estas políticas neoliberales trasnochadas ,,14000,109000,391,https://twitter.com/ingrodolfohdez/status/1268860384347394048,['@ivanduque']
Ing Rodolfo Hernandez !,@ingrodolfohdez,2020-06-04T11:00:49.000Z, quítele la billetera al irresponsable de carrasquilla este hombre vive en un mundo que ya no existe quiere arreglar todo con deuda pública y más impuestos impuestos para los pobres impuestos para la clase media reforma laboral ,,4000,16000,55,https://twitter.com/ingrodolfohdez/status/1268497931910463490,['@ivanduque']
Ing Rodolfo Hernandez !,@ingrodolfohdez,2020-06-04T00:50:31.000Z, escuchen colombianos “el reto democrático que propongo es un desafío al poder financiero para que al próximo presidente no lo elijan los bancos ver escuchen colombianos “el reto democrático que propongo es un desafío al poder financiero para que al próximo presidente no lo elijan los bancos youtube com,,10000,53000,178,https://twitter.com/ingrodolfohdez/status/1268344346375577602,[]
Ing Rodolfo Hernandez !,@ingrodolfohdez,2020-06-03T11:00:43.000Z,carrasquilla dice “renta básica para hogares sí pero no en esta emergencia” si pero no así es todo en su gobierno “si…pero no” ,,14000,108000,312,https://twitter.com/ingrodolfohdez/status/1268135518556041217,['@ivanduque']
Ing Rodolfo Hernandez !,@ingrodolfohdez,2020-06-02T23:58:29.000Z, un live muy santandereano el ing rodolfo hernández en entrevista con ver un live muy santandereano el ing rodolfo hernández en entrevista youtube com,,1000,3000,26,https://twitter.com/ingrodolfohdez/status/1267968865822220289,['@danielapachon']
Ing Rodolfo Hernandez !,@ingrodolfohdez,2020-06-02T17:20:03.000Z,para presentarse a las elecciones sin condicionamientos ni ataduras con un solo compromiso el compromiso con el pueblo de colombia ,,0,10000,37,https://twitter.com/ingrodolfohdez/status/1267868594127413249,[]
Ing Rodolfo Hernandez !,@ingrodolfohdez,2020-06-02T17:20:03.000Z,las grandes corporaciones y los grandes contratistas el retodemocrático es que el nuevo presidente de colombia sea elegido por los colombianos no por los bancos el reto es que todos los candidatos busquen el aporte de sus seguidores ,,2000,16000,48,https://twitter.com/ingrodolfohdez/status/1267868593120841734,[]
Ing Rodolfo Hernandez !,@ingrodolfohdez,2020-06-02T17:20:02.000Z,es un desafío al poder financiero que es el que nos ha estado eligiendo a los presidentes y los congresistas en los últimos años el retodemocrático es convocar a todos los candidatos independientes para que renuncien a recibir financiación de los bancos ,,1000,5000,29,https://twitter.com/ingrodolfohdez/status/1267868592139272198,[]
Ing Rodolfo Hernandez !,@ingrodolfohdez,2020-06-02T17:20:02.000Z,hilo la semana pasada puse en la mesa mi propuesta el retodemocrático si los colombianos quieren salir de esta dictadura de la corrupción deben salir primero de los que financian sus campañas ,,9000,43000,129,https://twitter.com/ingrodolfohdez/status/1267868590159659008,[]
Ing Rodolfo Hernandez !,@ingrodolfohdez,2020-06-02T00:39:34.000Z,sr presidente salve la economía quítele la billetera a carrasquilla ing rodolfo hernandez sr presidente salve la economía quítele la billetera a carrasquilla pscp tv,,4000,30000,81,https://twitter.com/ingrodolfohdez/status/1267616816064413696,['@ingrodolfohdez']
Ing Rodolfo Hernandez !,@ingrodolfohdez,2020-06-02T00:29:18.000Z,sr presidente salve la economía quítele la billetera a carrasquilla ing rodolfo hernandez sr presidente salve la economía quítele la billetera a carrasquilla pscp tv,,3000,36000,125,https://twitter.com/ingrodolfohdez/status/1267614230401843200,['@ingrodolfohdez']
Ing Rodolfo Hernandez !,@ingrodolfohdez,2020-06-01T14:28:04.000Z,hoy “hable con el ingeniero” a las am los espero ,,0,7000,42,https://twitter.com/ingrodolfohdez/status/1267462927717740549,[]
Ing Rodolfo Hernandez !,@ingrodolfohdez,2020-06-01T11:01:28.000Z,lo único q tenemos es un sistema de salud “enfermo” millones de colombianos pobres y un virus q se ensaña con ellos lo único q tenemos es miseria desolación y ruina politiquería robadera y corrupción y esto no es por el virus esto viene sucediendo hace años ,,34000,106000,369,https://twitter.com/ingrodolfohdez/status/1267410931690192896,[]
Ing Rodolfo Hernandez !,@ingrodolfohdez,2021-08-28T17:33:49.000Z, aestahora a través de instagram el ingeniero rodolfo en entrevista con última hora ,,10000,15000,81,https://twitter.com/ingrodolfohdez/status/1431671372447617026,[]
Ing Rodolfo Hernandez !,@ingrodolfohdez,2021-08-28T02:51:27.000Z,sobre la financiación de la campaña el audio nunca se filtró ingrodolfo,,185000,232000,610,https://twitter.com/ingrodolfohdez/status/1431449318553174017,[]
Ing Rodolfo Hernandez !,@ingrodolfohdez,2021-08-27T22:48:06.000Z,en respuesta a y el mismo lugar donde compro los pantalones y me quedan bien puestos mejor que las medias ,,3000,3000,24,https://twitter.com/ingrodolfohdez/status/1431388080523595777,"['@german_ricaurte', '@danielsamperoen']"
Ing Rodolfo Hernandez !,@ingrodolfohdez,2021-08-27T16:24:10.000Z, lo invito a bucaramanga a conocer los escenarios deportivos de alta calidad y de talla mundial que pude ejecutar en mi alcaldía y como le dije en vivo en si quiere lo llevo alzado un abrazo ,,52000,19000,118,https://twitter.com/ingrodolfohdez/status/1431291458896777218,"['@andresmarocco', '@superestacion']"
Ing Rodolfo Hernandez !,@ingrodolfohdez,2021-08-27T15:47:37.000Z,rueda de prensa con el ingeniero rodolfo desde cali véala aquí ,,24000,30000,122,https://twitter.com/ingrodolfohdez/status/1431282259080929281,[]
Ing Rodolfo Hernandez !,@ingrodolfohdez,2021-08-25T21:28:43.000Z,mil gracias a todos los colombianos que se conectaron hoy a los minutosconelingeniero a través de instagram ,,10000,19000,162,https://twitter.com/ingrodolfohdez/status/1430643324168327174,[]
Ing Rodolfo Hernandez !,@ingrodolfohdez,2021-08-25T21:21:09.000Z, el que compra votos para llegar llega a robar ingrodolfo,,84000,119000,613,https://twitter.com/ingrodolfohdez/status/1430641421619539970,[]
Ing Rodolfo Hernandez !,@ingrodolfohdez,2021-08-24T17:33:37.000Z, mi mejor inversión es apoyar y unirme con el pueblo colombiano ingrodolfo con en citar tweet revista semana ago rodolfohernándezes el exalcalde de bucaramanga y ahora precandidato presidencial rodolfo hernández habla en semana acerca de la polémica conversación en la que insulta a un cliente esto es vickyensemana con ,,15000,17000,77,https://twitter.com/ingrodolfohdez/status/1430221772188798979,"['@vickydavilah', '@revistasemana', '@revistasemana', '@vickydavilah']"
Ing Rodolfo Hernandez !,@ingrodolfohdez,2021-08-24T17:22:09.000Z, rodolfohernándezes soy un hombre trabajador que tiene claro qué tiene que hacer por colombia ingrodolfocitar tweet revista semana ago rodolfohernándezes el exalcalde de bucaramanga y ahora precandidato presidencial rodolfo hernández habla en semana acerca de la polémica conversación en la que insulta a un cliente esto es vickyensemana con ,,17000,11000,74,https://twitter.com/ingrodolfohdez/status/1430218887270916097,"['@revistasemana', '@vickydavilah']"
Ing Rodolfo Hernandez !,@ingrodolfohdez,2021-08-24T17:10:12.000Z, nunca podrán decir que rodolfo hernández se ha robado un peso de alguien ingrodolfo en entrevista con en citar tweet revista semana ago rodolfohernándezes el exalcalde de bucaramanga y ahora precandidato presidencial rodolfo hernández habla en semana acerca de la polémica conversación en la que insulta a un cliente esto es vickyensemana con ,,15000,21000,81,https://twitter.com/ingrodolfohdez/status/1430215879829168135,"['@vickydavilah', '@revistasemana', '@revistasemana', '@vickydavilah']"
Ing Rodolfo Hernandez !,@ingrodolfohdez,2021-08-24T17:08:17.000Z,con respecto al audio yo sé que hice mal pero él me llevó al extremo fueron reacciones emocionales que no se van a repetir” en entrevista con en citar tweet revista semana ago rodolfohernándezes el exalcalde de bucaramanga y ahora precandidato presidencial rodolfo hernández habla en semana acerca de la polémica conversación en la que insulta a un cliente esto es vickyensemana con ,,127000,47000,208,https://twitter.com/ingrodolfohdez/status/1430215398406991873,"['@vickydavilah', '@revistasemana', '@revistasemana', '@vickydavilah']"
Ing Rodolfo Hernandez !,@ingrodolfohdez,2021-08-24T01:03:57.000Z,mi contrato social con las familias campesinas hableconelingeniero en vivo ing rodolfo hernández suarez mi contrato social con las familias mi contrato social con las familias campesinas los campesinos hacen el trabajo y los intermediarios hacen la plata ingrodolfo powered by restream facebook com,,25000,26000,102,https://twitter.com/ingrodolfohdez/status/1429972716954734593,[]
Ing Rodolfo Hernandez !,@ingrodolfohdez,2021-08-23T16:43:34.000Z, rodolfohernandezsuperaapetro,,402000,262000,968,https://twitter.com/ingrodolfohdez/status/1429846789470003200,[]
Ing Rodolfo Hernandez !,@ingrodolfohdez,2021-08-22T16:59:59.000Z, mil gracias muchachos ingrodolfo ,,56000,52000,282,https://twitter.com/ingrodolfohdez/status/1429488533111181312,['@ligajuventudes']
Ing Rodolfo Hernandez !,@ingrodolfohdez,2021-08-22T16:46:06.000Z,mil gracias santanderdemisamores citar tweet liga de gobernantes anticorrupción ago barbosa firma por el ingeniero y por la liga ingrodolfo,,14000,13000,129,https://twitter.com/ingrodolfohdez/status/1429485039495094282,['@ligagobernantes']
Ing Rodolfo Hernandez !,@ingrodolfohdez,2021-08-22T16:45:43.000Z,mil gracias barranquilla citar tweet liga de gobernantes anticorrupción ago barranquilla firma por el ingeniero y por la liga ingrodolfo,,12000,15000,107,https://twitter.com/ingrodolfohdez/status/1429484940778000392,['@ligagobernantes']
Ing Rodolfo Hernandez !,@ingrodolfohdez,2021-08-20T21:12:22.000Z,citar tweet liga de gobernantes anticorrupción ago barranquilla firma por el ingeniero acompańenos ingrodolfo,,17000,37000,204,https://twitter.com/ingrodolfohdez/status/1428827271809454081,['@ligagobernantes']
Ing Rodolfo Hernandez !,@ingrodolfohdez,2021-08-17T17:28:10.000Z,hoy en el diadelingeniero quiero enviarle un saludo muy especial a todos mis colegas ingenieros les deseo muchas ilusiones muchos sueños muchos éxitos y un abrazo para todos ingrodolfo,,38000,77000,583,https://twitter.com/ingrodolfohdez/status/1427683687869603847,[]
Ing Rodolfo Hernandez !,@ingrodolfohdez,2021-08-17T15:56:38.000Z, alcalde cárdenas es un bruto rodolfo hernández ante crisis en el carrasco vía cárdenas es un bruto rodolfo hernández ante crisis en el carrasco la w radio audio en w radio el exalcalde hizo duras críticas a la crisis sanitaria que atraviesa bucaramanga y retomó su propuesta de convertir la basura en combustible play wradio com co,,15000,19000,51,https://twitter.com/ingrodolfohdez/status/1427660649916686338,"['@wradiocolombia""alcalde']"
Ing Rodolfo Hernandez !,@ingrodolfohdez,2021-08-17T14:35:23.000Z, alaire con “frente a lo de hitler pido mil disculpas cualquiera tiene un lapsus y me equivoqué la frase no era de él era de einstein pido mil disculpas a la comunidad judía y a todo el pueblo colombiano” ,,731000,455000,1600,https://twitter.com/ingrodolfohdez/status/1427640203422978064,['@wradiocolombia']
Ing Rodolfo Hernandez !,@ingrodolfohdez,2021-08-17T14:02:13.000Z, alaire citar tweet w radio colombia ago alaireenlaw rodolfo hernández habla sobre la situación de las basuras en bucaramanga mostrar este hilo,,5000,10000,40,https://twitter.com/ingrodolfohdez/status/1427631855575179267,"['@wradiocolombia', '@ingrodolfohdez)']"
Ing Rodolfo Hernandez !,@ingrodolfohdez,2021-08-17T14:01:46.000Z, laverdades que a colombia los politiqueros se la están robando a dos manos y si no paramos esa robadera esto no lo salva nadie ingrodolfo felizmartesatodos,,22000,58000,229,https://twitter.com/ingrodolfohdez/status/1427631743914364933,[]
Ing Rodolfo Hernandez !,@ingrodolfohdez,2021-08-15T13:51:10.000Z,la está en el podio tenemos que seguir trabajando ingrodolfo,,106000,129000,587,https://twitter.com/ingrodolfohdez/status/1426904299997732868,['@ligagobernantes']
Ing Rodolfo Hernandez !,@ingrodolfohdez,2021-08-13T17:02:09.000Z,el hogar del árbol nacional de colombia elvalledelcocora invito a todos los quindianos y turistas a cuidar este maravilloso tesoro nacional ingrodolfo,,22000,33000,291,https://twitter.com/ingrodolfohdez/status/1426227588008235011,[]
Ing Rodolfo Hernandez !,@ingrodolfohdez,2021-08-13T13:38:14.000Z, nuestrajusticiaes como amarrar un gato con chorizos a mí me investiga un fiscal investigado por corrupción háganme el favor rodolfohernandez invamer,,30000,103000,430,https://twitter.com/ingrodolfohdez/status/1426176269939585030,[]
Ing Rodolfo Hernandez !,@ingrodolfohdez,2021-08-13T13:26:25.000Z, yo no me comí ese cuento de que no me ponían en encuestas siempre me pusieron pero nunca me nombraban vicky rodolfohernandez viernes invamercitar tweet vicky dávila ago y rodolfo hernández ya va de tercero según invamer… ,,29000,45000,268,https://twitter.com/ingrodolfohdez/status/1426173297125908486,['@vickydavilah']
Ing Rodolfo Hernandez !,@ingrodolfohdez,2021-08-13T13:23:25.000Z, vamos a dar sorpresitas rodolfohernandezrodolfo hernández sorpresa en encuesta invamer el exalcalde se ubica tercero en intención de voto gustavo petro lidera la encuesta pese a registrar una caída en comparación con abril de bluradio com,,116000,160000,791,https://twitter.com/ingrodolfohdez/status/1426172542084124674,[]
Ing Rodolfo Hernandez !,@ingrodolfohdez,2021-08-12T16:41:04.000Z, quindianos estoy en armenia acompáñenme con su firma ingrodolfo,,9000,39000,226,https://twitter.com/ingrodolfohdez/status/1425859894310211592,[]
Ing Rodolfo Hernandez !,@ingrodolfohdez,2021-08-11T20:11:00.000Z,mil gracias por el apoyo a los fundadores de la calle del graffiti comprometen mi gratitud ingrodolfo,,3000,21000,158,https://twitter.com/ingrodolfohdez/status/1425550338841616385,[]
Ing Rodolfo Hernandez !,@ingrodolfohdez,2021-08-11T20:09:30.000Z, antioqueños felicitaciones por la cultura y el estado impecable que tienen con el ingrodolfo,,17000,43000,324,https://twitter.com/ingrodolfohdez/status/1425549960213303306,['@metrodemedellin']
Ing Rodolfo Hernandez !,@ingrodolfohdez,2021-08-11T14:22:33.000Z,en conversación con centralmayoristaantioquia “el problema de colombia es que el ciudadano ve al estado como un atracador” ingrodolfo,,16000,35000,188,https://twitter.com/ingrodolfohdez/status/1425462645642104838,[]
Ing Rodolfo Hernandez !,@ingrodolfohdez,2021-08-11T13:11:59.000Z,en respuesta a feliz día con calle a san javier,,0,0,1,https://twitter.com/ingrodolfohdez/status/1425444889945419783,['@cavalercromaticjuan']
Ing Rodolfo Hernandez !,@ingrodolfohdez,2021-08-11T13:09:56.000Z,en respuesta a án estaré hoy miércoles todo el día saludos ,,1000,0,1,https://twitter.com/ingrodolfohdez/status/1425444373626605574,['@sebasmunera94sebasti']
Ing Rodolfo Hernandez !,@ingrodolfohdez,2021-08-11T12:00:40.000Z, medellín a todos los que me quieran acompañar con su firma los espero en plaza mayorista a m hotel san fernando plaza a m barrio san javier p m ,,38000,69000,258,https://twitter.com/ingrodolfohdez/status/1425426942082355202,[]
Ing Rodolfo Hernandez !,@ingrodolfohdez,2021-08-09T00:00:56.000Z,gracias por tanto apoyo citar tweet liga de gobernantes anticorrupción ago mil y mil gracias girón por firmar por el ingeniero ligadegobernantesanticorrupcion ,,6000,22000,153,https://twitter.com/ingrodolfohdez/status/1424521036381491200,['@ligagobernantes']
Ing Rodolfo Hernandez !,@ingrodolfohdez,2021-08-08T00:56:11.000Z, camioneros trabajan como mulas y ganan menos que chofer del palacio de nariño este lunes de agosto a las pm estaré dando mi contrato social con todos los camioneros de colombia,,19000,51000,307,https://twitter.com/ingrodolfohdez/status/1424172553078255616,[]
Ing Rodolfo Hernandez !,@ingrodolfohdez,2021-08-04T04:09:24.000Z,el fútbol debe ser multitudinario expresivo y alegre pero no violento ingrodolfo campín dimayor hinchas,,13000,35000,255,https://twitter.com/ingrodolfohdez/status/1422771627448754182,[]
Ing Rodolfo Hernandez !,@ingrodolfohdez,2021-07-28T13:33:11.000Z, lo advertí desde hace un año esta familia de bandidos se han hecho elegir con plata robada y han traicionado a los electores espero que la justicia actúe pronto con por que con se demoraron años y medio en hacer una suma citar tweet ing rodolfo hernandez abr “yo digo que antes que termine la pandemia tiene que estar preso richard aguilar“ ver ,,34000,100000,331,https://twitter.com/ingrodolfohdez/status/1420376792368656396,"['@maguilarhurtado', '@richardaguilarv', '@ingrodolfohdez']"
Ing Rodolfo Hernandez !,@ingrodolfohdez,2021-07-28T00:12:01.000Z, los politiqueros hacen contratos con los poderosos yo los voy a hacer con la gente ingrodolfo consulte aquí su punto de recolección de firmas más cercano ,,10000,32000,151,https://twitter.com/ingrodolfohdez/status/1420175171986542595,[]
Ing Rodolfo Hernandez !,@ingrodolfohdez,2021-07-27T12:16:48.000Z, salvemosa los colombianos de las manos de mentirosos y corruptos que nos gobiernan hace más de años ingrodolfo,,42000,82000,398,https://twitter.com/ingrodolfohdez/status/1419995181022121984,[]
Ing Rodolfo Hernandez !,@ingrodolfohdez,2021-07-16T16:52:02.000Z, ojocon el recuerden que no es un año es una hora la hora de colombia ingrodolfo,,34000,63000,382,https://twitter.com/ingrodolfohdez/status/1416078180771827718,[]
Ing Rodolfo Hernandez !,@ingrodolfohdez,2021-07-15T17:41:55.000Z, colombia necesita un presidente que actúe no uno que hable de corrupción y no haga nada ingrodolfo,,58000,117000,647,https://twitter.com/ingrodolfohdez/status/1415728345321443335,[]
Ing Rodolfo Hernandez !,@ingrodolfohdez,2021-07-14T16:38:10.000Z, qué es una reformatributaria quitarle la plata a los más pobres y dársela a los políticos para que se la roben ingrodolfocitar tweet noticias caracol jul nueva reformatributaria estas son las bases del proyecto presentado por el gobierno busca recaudar billones no tocará el iva ni las pensiones contempla entre otros extensión del programa ingreso solidario y la creación de empleos para jóvenes ,,20000,47000,128,https://twitter.com/ingrodolfohdez/status/1415349917053247494,['@noticiascaracol']
Ing Rodolfo Hernandez !,@ingrodolfohdez,2021-07-09T14:26:25.000Z, mil gracias por el apoyo citar tweet liga de gobernantes anticorrupción jul quindío firma con la liga y con el ingeniero ingrodolfo ligadegobernantes,,28000,65000,376,https://twitter.com/ingrodolfohdez/status/1413504818434379784,['@ligagobernantes']
Ing Rodolfo Hernandez !,@ingrodolfohdez,2021-07-07T23:42:56.000Z,cómo hacer para darle tu firma a el ingeniero ingrodolfo ver cómo hacer para darle tu firma a el ingeniero una vez descargado el archivo y con un mínimo de formularios totalmente firmados firmas por hoja lo estamos recibiendo en la dirección carrera a n youtube com,,23000,67000,167,https://twitter.com/ingrodolfohdez/status/1412920096897519619,[]
Ing Rodolfo Hernandez !,@ingrodolfohdez,2021-07-07T16:46:51.000Z, colombia es el único pais del mundo en donde los manifestantes tienen que salir con gafas y escudos por los ataques del esmad totalmente de acuerdo con las recomendaciones de la cidh citar tweet la fm jul cidh determinó que hubo uso excesivo y desproporcionado de la fuerza en respuesta a protestas ,,30000,41000,160,https://twitter.com/ingrodolfohdez/status/1412815387515834368,['@lafm']
Ing Rodolfo Hernandez !,@ingrodolfohdez,2021-07-06T12:08:56.000Z, acolombialaveo acabada arruinada y desangrada por culpa de esta casta politiquera que nos gobierna hace más de años ingrodolfo felizmartes,,56000,80000,472,https://twitter.com/ingrodolfohdez/status/1412383056351072260,[]
Ing Rodolfo Hernandez !,@ingrodolfohdez,2021-07-02T17:13:43.000Z, aestahora envivo rodolfo hernández en la w w radio colombia rodolfo hernández “sin alianza y sin ladrones” rodolfo hernández “sin alianza y sin ladrones” el lema del exalcalde para llegar a la presidencia arodolfohernándezledigo facebook com,,3000,4000,12,https://twitter.com/ingrodolfohdez/status/1411010207468199948,['@wradiocolombia']
Ing Rodolfo Hernandez !,@ingrodolfohdez,2021-07-01T11:35:35.000Z, elpeormomentopara hacer una reforma tributaria y pensar que el pueblo es idiota útil y seguir creciendo la burocracia ingrodolfo,,36000,60000,370,https://twitter.com/ingrodolfohdez/status/1410562724929626113,[]
Ing Rodolfo Hernandez !,@ingrodolfohdez,2021-06-30T17:52:59.000Z,para qué aliarme con los mismos politiqueros que han desangrado a colombia por décadas ni con petro ni con uribe ni con el gato ni con el perro mi alianza será con el pueblo de colombia ingrodolfo,,301000,413000,1900,https://twitter.com/ingrodolfohdez/status/1410295313429151747,[]
Ing Rodolfo Hernandez !,@ingrodolfohdez,2021-06-30T17:47:59.000Z,en respuesta a con quién me voy a aliar con el pueblo colombiano ingrodolfo,,2000,3000,29,https://twitter.com/ingrodolfohdez/status/1410294056886968333,"['@revistasemana¿sabe', '@vickydavilah']"
Ing Rodolfo Hernandez !,@ingrodolfohdez,2021-06-22T00:59:55.000Z, qué tal estos congresistas ing rodolfo hernandez qué tal estos congresistas pscp tv,,5000,17000,61,https://twitter.com/ingrodolfohdez/status/1407141262294065154,['@ingrodolfohdez']
Ing Rodolfo Hernandez !,@ingrodolfohdez,2021-06-20T23:36:25.000Z,ser padre ha sido uno de mis mejores logros feliz día a todos los padres de colombia diadelpadre ingrodolfo,,30000,14000,253,https://twitter.com/ingrodolfohdez/status/1406757862777442309,[]
Ing Rodolfo Hernandez !,@ingrodolfohdez,2021-06-19T11:10:42.000Z,si les quitamos la chequera a los ladrones la plata sobra ingrodolfo ,,28000,84000,266,https://twitter.com/ingrodolfohdez/status/1406207808018735104,['@ligagobernantes']
Ing Rodolfo Hernandez !,@ingrodolfohdez,2021-06-18T15:57:54.000Z,únete a las juventudes con el ingeniero rodolfo la vieja política ha muerto ahora sí llegó la hora de los jóvenes registo y requisitos ingenierorodolfo,,8000,20000,76,https://twitter.com/ingrodolfohdez/status/1405917697465106436,['@ligagobernantes']
Ing Rodolfo Hernandez !,@ingrodolfohdez,2021-06-17T22:51:00.000Z, ecoturismo en elsalvador la nueva apuesta del gobierno de es impresionante la tarea que hace el presidente nayib especialmente por los más pobres de elsalvador un ejemplo para colombia ,,20000,41000,246,https://twitter.com/ingrodolfohdez/status/1405659270880845824,['@nayibbukele']
Ing Rodolfo Hernandez !,@ingrodolfohdez,2021-06-17T13:40:37.000Z,una vez más el gobierno nos miente en la cara con la matriculacero y a la vez aumenta el presupuesto en la procuraduría pa meter más gente que defienda bandidos nos sorprende no no nos sorprende ,,27000,119000,390,https://twitter.com/ingrodolfohdez/status/1405520761612214283,[]
Ing Rodolfo Hernandez !,@ingrodolfohdez,2021-06-16T22:17:08.000Z, minutos con el ingeniero ing rodolfo hernandez minutos con el ingeniero pscp tv,,3000,12000,48,https://twitter.com/ingrodolfohdez/status/1405288357194727424,['@ingrodolfohdez']
Ing Rodolfo Hernandez !,@ingrodolfohdez,2021-06-16T22:09:56.000Z, minutos con el ingeniero ing rodolfo hernandez minutos con el ingeniero pscp tv,,2000,4000,23,https://twitter.com/ingrodolfohdez/status/1405286549386760194,['@ingrodolfohdez']
Ing Rodolfo Hernandez !,@ingrodolfohdez,2021-06-05T16:52:48.000Z,mientras la corrupción va en avión la lucha contra ella va a pie ,,34000,104000,469,https://twitter.com/ingrodolfohdez/status/1401220471522213890,[]
Ing Rodolfo Hernandez !,@ingrodolfohdez,2021-06-04T17:38:24.000Z, el país no es de uribe ingrodolfo,,20000,61000,200,https://twitter.com/ingrodolfohdez/status/1400869558848737281,['@ligagobernantes']
Ing Rodolfo Hernandez !,@ingrodolfohdez,2021-06-04T17:09:00.000Z,jóvenes ya inscribieron la cédula ingrodolfo ligadegobernantes,,7000,24000,86,https://twitter.com/ingrodolfohdez/status/1400862161765871617,['@ligagobernantes']
Ing Rodolfo Hernandez !,@ingrodolfohdez,2021-06-03T20:41:50.000Z,entrevista con cuentasclaras clic jueves de reflexión hoy hablaremos con el ingeniero rodolfo hernandez facebook com,,1000,7000,19,https://twitter.com/ingrodolfohdez/status/1400553335472672775,[]
Ing Rodolfo Hernandez !,@ingrodolfohdez,2021-06-03T17:09:29.000Z,ahora toca traer mecánicos pilotos entrenadores y repuestos de italia imagínense el despilfarro que van a hacer desde la presidencia de la república ,,9000,42000,135,https://twitter.com/ingrodolfohdez/status/1400499893756743684,[]
Ing Rodolfo Hernandez !,@ingrodolfohdez,2021-06-03T17:09:15.000Z, son unos verdaderos descarados cómo es posible que en colombia mientras la gente se está muriendo de hambre y el país en semejante estallido social el presidente compra el to helicóptero ,,41000,160000,376,https://twitter.com/ingrodolfohdez/status/1400499836118519813,['@ivanduque']
Ing Rodolfo Hernandez !,@ingrodolfohdez,2021-06-03T01:09:25.000Z,sr gobernador y sr alcalde dejen a los muchachos expresarse y retiren el esmad de por dios la violencia genera más violencia sosbucaramanga junio,,63000,170000,548,https://twitter.com/ingrodolfohdez/status/1400258287451394052,"['@maguilarhurtado', '@jcardenasrey']"
Ing Rodolfo Hernandez !,@ingrodolfohdez,2021-06-02T22:00:20.000Z, minutos con el ingenieroing rodolfo hernandez minutos con el ingeniero pscp tv,,10000,17000,66,https://twitter.com/ingrodolfohdez/status/1400210703080775681,['@ingrodolfohdez']
Ing Rodolfo Hernandez !,@ingrodolfohdez,2021-06-02T15:15:54.000Z, alaire el ingeniero rodolfo en entrevista con democrítica democrítica brújula electoral rodolfo hernández facebook hoy conversamos con rodolfo hernández no se lo pierdan dejen sus preguntas en los comentarios brújulaelectoral facebook com,,0,3000,15,https://twitter.com/ingrodolfohdez/status/1400108921193381891,[]
Ing Rodolfo Hernandez !,@ingrodolfohdez,2021-05-22T15:24:43.000Z,los politiqueros abandonaron el campo abandonaron la riqueza de nuestra tierra y a los miles de millones de pequeños y medianos productores agrícolas dispuestos a trabajarla esta es una de las verdaderas razones del paro y las protestas ingrodolfo paronacional m,,32000,96000,379,https://twitter.com/ingrodolfohdez/status/1396124876071751681,[]
Ing Rodolfo Hernandez !,@ingrodolfohdez,2021-05-20T21:20:48.000Z,una integrante del equipo de rodolfo hernández agredida en la represión en la uis,,11000,46000,130,https://twitter.com/ingrodolfohdez/status/1395489709812592642,[]
Ing Rodolfo Hernandez !,@ingrodolfohdez,2021-05-20T18:08:17.000Z,una gran oportunidad para que la no sólo le escudriñe el alma al ex gobernador sino que le haga un aforo entre ingresos egresos y patrimonio,,6000,33000,116,https://twitter.com/ingrodolfohdez/status/1395441262199812111,"['@cortesupremaj', '@richardaguilar']"
Ing Rodolfo Hernandez !,@ingrodolfohdez,2021-05-20T18:07:52.000Z, años se demoró la para citar al ex gobernador por lo que todo santander sabe el manejo inescrupuloso de los dineros públicos de los santandereanos a través de sus testaferros julian jaramillo y felipe villamil el senador richard aguilar fue citado a indagatoria por la corte suprema de justicia a indagatoria fue citado el senador santandereano por el partido cambio radical richard aguilar villa por presunta asociación para cometer delitos contra la administración pública contrato sin vanguardia com,,24000,71000,191,https://twitter.com/ingrodolfohdez/status/1395441158227210240,"['@cortesupremaj', '@richardaguilar']"
Ing Rodolfo Hernandez !,@ingrodolfohdez,2021-05-20T15:12:56.000Z,la violencia genera más violencia ingrodolfo paronacional m nomasviolencia mil reproducciones,,19000,36000,116,https://twitter.com/ingrodolfohdez/status/1395397132170022916,[]
Ing Rodolfo Hernandez !,@ingrodolfohdez,2021-05-18T19:55:50.000Z,el paro va a parar cuando dejen de robar ingrodolfo paronacional,,42000,138000,482,https://twitter.com/ingrodolfohdez/status/1394743552907882497,[]
Ing Rodolfo Hernandez !,@ingrodolfohdez,2021-05-18T18:41:33.000Z,adhiero a las manifestaciones de y sobre la necesidad de establecer un diálogo democrático sin agresiones ni violencia de todos los sectores progresistas que quieren construir una nueva política y una nueva democracia sin exclusiones ni odios,,71000,168000,843,https://twitter.com/ingrodolfohdez/status/1394724856701374466,"['@sergio_fajardo', '@petrogustavo']"
Ing Rodolfo Hernandez !,@ingrodolfohdez,2021-05-18T16:11:57.000Z,sr presidente la violencia genera más violencia y no gana nada mientras no se atiendan las causas pueden tirar todas las balas que quieran y el problema sigue atienda al pueblo ya de por dios esto no se arregla con politiqueros citar tweet vanguardia may atención el presidente acaba de ordenar a la fuerza pública “un despliegue operacional” para levantar los bloqueos de los manifestantes en todo el país noticia en desarrollo ,,17000,82000,256,https://twitter.com/ingrodolfohdez/status/1394687211354873857,"['@ivanduque', '@vanguardiacom', '@ivanduque']"
Ing Rodolfo Hernandez !,@ingrodolfohdez,2021-05-20T15:12:56.000Z,la violencia genera más violencia ingrodolfo paronacional m nomasviolencia ,,19000,36000,116,https://twitter.com/ingrodolfohdez/status/1395397132170022916,[]
Ing Rodolfo Hernandez !,@ingrodolfohdez,2021-05-14T19:46:19.000Z, qué hace el presidente reuniéndose con los politiqueros que han llevado al país a la miseria presidente duque es con la gente con el pueblo con los campesinos con los jóvenes con los estudiantes y los trabajadores ingrodolfo mcésar gaviria se reunirá este sábado con iván duque semana com,,39000,119000,362,https://twitter.com/ingrodolfohdez/status/1393291605365374981,['@ivanduque']
Ing Rodolfo Hernandez !,@ingrodolfohdez,2021-05-14T15:52:12.000Z,el presidente debe dar una muestra de grandeza y destituir no solo a los que apretaron el gatillo sino a los que dieron la orden debe desmontar el esmad,,75000,121000,601,https://twitter.com/ingrodolfohdez/status/1393232686873989125,['@ivanduque']
Ing Rodolfo Hernandez !,@ingrodolfohdez,2021-05-13T21:50:35.000Z,denuncio la persecución política ingrodolfo norobar nomentir notraicionar ceroimpunidad,,63000,110000,303,https://twitter.com/ingrodolfohdez/status/1392960491870371849,[]
Ing Rodolfo Hernandez !,@ingrodolfohdez,2021-05-06T23:23:00.000Z, quiénes son los responsables de lo que está pasando ,,34000,160000,397,https://twitter.com/ingrodolfohdez/status/1390447033727819779,[]
Ing Rodolfo Hernandez !,@ingrodolfohdez,2021-05-06T22:39:11.000Z,bucaramanga fue ejemplo nacional de protesta pacífica ayer m y mi invitación es a continuar así el paronacional en el parque san pío en donde la ciudadanía se sigue manifestando a través de dinámicas culturales música actos simbólicos de paz y sin abuso de autoridad ,,15000,57000,368,https://twitter.com/ingrodolfohdez/status/1390436004490797057,[]
Ing Rodolfo Hernandez !,@ingrodolfohdez,2021-05-06T16:10:06.000Z,entrevista con antonio merlanoing rodolfo hernandez entrevista con antonio merlano pscp tv,,19000,48000,98,https://twitter.com/ingrodolfohdez/status/1390338091177582592,['@ingrodolfohdez']
Ing Rodolfo Hernandez !,@ingrodolfohdez,2021-05-04T19:30:14.000Z,estos incendios sociales no se apagan echando bala y quieren atacar las consecuencias porque las causas son ellos esta casta de ladrones impunes que nos gobierna solo para mantener los privilegios los lujos y el despilfarro que ha desangrado al país hace más de años ,,53000,329000,943,https://twitter.com/ingrodolfohdez/status/1389663678451130373,[]
Ing Rodolfo Hernandez !,@ingrodolfohdez,2021-05-03T15:34:26.000Z, los espero esta noche p m en todas mis redes sociales ,,21000,51000,212,https://twitter.com/ingrodolfohdez/status/1389241952072257544,[]
Ing Rodolfo Hernandez !,@ingrodolfohdez,2021-05-01T17:17:42.000Z, queremos saber la verdad de lo que está pasando ,,20000,133000,337,https://twitter.com/ingrodolfohdez/status/1388543163871244298,[]
Ing Rodolfo Hernandez !,@ingrodolfohdez,2021-05-01T15:27:52.000Z,lo que pasa en cali medellín bogotá y toda colombia es la consecuencia de haber votado por atracadores y ladrones que solo les importa sus intereses personales colombiaresiste paroindefinido,,103000,540000,1700,https://twitter.com/ingrodolfohdez/status/1388515521965006854,[]
Ing Rodolfo Hernandez !,@ingrodolfohdez,2021-04-29T15:00:11.000Z, lodijoelinge,,23000,94000,332,https://twitter.com/ingrodolfohdez/status/1387783780644134915,[]
Ing Rodolfo Hernandez !,@ingrodolfohdez,2021-04-28T14:40:12.000Z,imprudente una reformatributaria que le saca la comida de la boca a los más pobres de colombia hacerparoes abrilparonacional,,27000,93000,463,https://twitter.com/ingrodolfohdez/status/1387416363388620800,[]
Ing Rodolfo Hernandez !,@ingrodolfohdez,2021-04-27T19:12:34.000Z,este gobierno son unos descarados comprando aviones de guerra mientras los colombianos se mueren de hambre apoyo total al paro nacional a marchemos pacíficamente ,,46000,257000,1000,https://twitter.com/ingrodolfohdez/status/1387122517664571398,[]
Ing Rodolfo Hernandez !,@ingrodolfohdez,2021-04-27T16:35:38.000Z, que tal los concejales de floridablanca exigiendo que no se les diga ladrones ni atracadores cuando son los ciudadanos del pueblo quienes lo dicen estos politiqueros nos amenazan con callarnos les informamos que aquí todos estamos listos para darnos esta lucha por la gente ,,27000,40000,182,https://twitter.com/ingrodolfohdez/status/1387083024949465091,[]
Ing Rodolfo Hernandez !,@ingrodolfohdez,2021-04-12T01:05:07.000Z, lodijoelinge,,19000,42000,226,https://twitter.com/ingrodolfohdez/status/1381413033445064709,[]
Ing Rodolfo Hernandez !,@ingrodolfohdez,2021-04-10T20:41:13.000Z,no dejan a los pobres trabajar los tienen encerrados y nos ponen una reforma tributaria mientras los politiqueros hacen fiestas en la gobernación háganme el favor ,,19000,71000,200,https://twitter.com/ingrodolfohdez/status/1380984233775263747,[]
Ing Rodolfo Hernandez !,@ingrodolfohdez,2021-04-09T21:14:01.000Z,iva y reforma tributaria,,16000,77000,236,https://twitter.com/ingrodolfohdez/status/1380630098550853636,[]
Ing Rodolfo Hernandez !,@ingrodolfohdez,2021-04-07T21:36:54.000Z,resultó más mentiroso que tweet contacto directo abr atención secretario del interior de bucaramanga aseguró en entrevista a vanguardia que los hurtos han disminuido en un con corte al de marzo ,,25000,18000,56,https://twitter.com/ingrodolfohdez/status/1379911084614762501,"['@jdcavanzoortiz', '@jcardenasreycitar', '@henrypinzon10', '@jdcavanzoortiz', '@eltiempo', '@revistasemana', '@juanmgonzalez56', '@alcaldiabga', '@jcardenasrey']"
Ing Rodolfo Hernandez !,@ingrodolfohdez,2021-04-07T17:45:34.000Z, están de acuerdo ,,24000,14000,147,https://twitter.com/ingrodolfohdez/status/1379852867037765634,[]
Ing Rodolfo Hernandez !,@ingrodolfohdez,2021-04-07T17:45:06.000Z, norobar nomentir notraicionar ceroimpunidad,,21000,63000,270,https://twitter.com/ingrodolfohdez/status/1379852748510879753,[]
Ing Rodolfo Hernandez !,@ingrodolfohdez,2021-04-06T19:42:21.000Z,“no me voy a aliar con ladrones me voy a aliar con el pueblo“ rodolfo hernández un fenómeno electoral leer ,,22000,48000,217,https://twitter.com/ingrodolfohdez/status/1379519867699802114,[]
Ing Rodolfo Hernandez !,@ingrodolfohdez,2021-04-04T21:34:27.000Z, lodijoelinge,,14000,30000,207,https://twitter.com/ingrodolfohdez/status/1378823304912375808,[]
Ing Rodolfo Hernandez !,@ingrodolfohdez,2021-04-03T21:45:40.000Z, capsulasparalamemoria enfrentamiento en el consejo electoral ,,11000,58000,159,https://twitter.com/ingrodolfohdez/status/1378463739746394115,[]
Ing Rodolfo Hernandez !,@ingrodolfohdez,2021-03-31T15:09:11.000Z,colombianos el programa “ minutos con el ingeniero” tendrá una pausa de semana santa retomamos el miércoles de abril cuídense mucho en estos días un abrazo para todos ,,4000,4000,85,https://twitter.com/ingrodolfohdez/status/1377276798086578179,[]
Ing Rodolfo Hernandez !,@ingrodolfohdez,2021-03-17T13:20:29.000Z,si millones de pobres salen a votar los politiqueros tienen los días contados norobar nomentir notraicionar ceroimpunidad ingrodolfohernandez,,32000,107000,343,https://twitter.com/ingrodolfohdez/status/1372176011597639681,[]
Ing Rodolfo Hernandez !,@ingrodolfohdez,2021-03-16T14:37:28.000Z, crece el apoyo para el ingeniero rodolfo hernández ya esta cuarto en las encuestas a nivel nacional ,,79000,109000,585,https://twitter.com/ingrodolfohdez/status/1371832996832108556,[]
Ing Rodolfo Hernandez !,@ingrodolfohdez,2021-03-16T14:25:00.000Z,los politiqueros quieren tener el control de todos los órganos de control porque saben que controlando a los encargados de fiscalizar las elecciones podrán comprar votos tranquilamente ,,5000,30000,122,https://twitter.com/ingrodolfohdez/status/1371829859383709697,[]
Ing Rodolfo Hernandez !,@ingrodolfohdez,2021-03-16T01:02:09.000Z,hable con el ingeniero envivo aquí ing rodolfo hernández suarez los politiqueros quieren poner al programa de hable con el ingeniero facebook com,,7000,6000,36,https://twitter.com/ingrodolfohdez/status/1371627815930580996,[]
Ing Rodolfo Hernandez !,@ingrodolfohdez,2021-03-12T19:22:35.000Z, los politiqueros quieren poner al nuevo presidente mil reproducciones,,25000,48000,173,https://twitter.com/ingrodolfohdez/status/1370455195528916995,[]
Ing Rodolfo Hernandez !,@ingrodolfohdez,2021-03-12T14:09:19.000Z,entrevista con voces rovinenses a través de instagram ,,0,4000,21,https://twitter.com/ingrodolfohdez/status/1370376362440134656,[]
Ing Rodolfo Hernandez !,@ingrodolfohdez,2021-03-11T16:21:01.000Z,primero fueron los contratos que le entregó a la hija el presidente del concejo de bucaramanga y ahora la procuraduría nos sale con esto háganme el favor citar tweet oscar jahir hernández rugeles mar cuándo se pregunten por los resultados de la procuraduría regional de santander recuerden la forma en que allí adentro se hace el reparto de los casos pisotearon la dignidad de la justicia convirtiendo a la en una peluquería personal contenido denigrante,,8000,16000,42,https://twitter.com/ingrodolfohdez/status/1370047114550595587,"['@oscarjahir_', '@pgn_col']"
Ing Rodolfo Hernandez !,@ingrodolfohdez,2021-03-11T15:54:26.000Z, cápsulasparalamemoria cómo se declara culpable inocente o impune ,,4000,6000,27,https://twitter.com/ingrodolfohdez/status/1370040427156492297,[]
Ing Rodolfo Hernandez !,@ingrodolfohdez,2021-03-11T12:23:20.000Z,a los colombianos no los engañan más ya todos sabemos que eso no es populismo ,,7000,6000,62,https://twitter.com/ingrodolfohdez/status/1369987301175091201,[]
Ing Rodolfo Hernandez !,@ingrodolfohdez,2021-03-11T12:23:20.000Z,si ser populista es ayudar a los taxistas a los pequeños promotores turísticos a los dueños de comercios y restaurantes afectados por la crisis de la pandemia soy populista ,,6000,4000,59,https://twitter.com/ingrodolfohdez/status/1369987300134912000,[]
Ing Rodolfo Hernandez !,@ingrodolfohdez,2021-03-10T16:49:18.000Z,lo he dicho muchas veces y lo repito de nada sirve elegir un nuevo presidente si les dejamos el poder a los corruptos que son los que verdaderamente gobiernan desde el congreso ,,12000,46000,210,https://twitter.com/ingrodolfohdez/status/1369691846264360967,[]
Ing Rodolfo Hernandez !,@ingrodolfohdez,2021-03-09T21:29:23.000Z,entrevista con está pasando col a través de instagram ,,1000,3000,14,https://twitter.com/ingrodolfohdez/status/1369399944415748096,[]
Ing Rodolfo Hernandez !,@ingrodolfohdez,2021-03-09T18:28:15.000Z, cápsulasparalamemoria el estado es el responsable de la violencia y la pobreza ,,5000,17000,62,https://twitter.com/ingrodolfohdez/status/1369354361277734919,[]
Ing Rodolfo Hernandez !,@ingrodolfohdez,2021-03-09T16:49:51.000Z,si seguimos eligiendo ladrones pueden hacer todo las reformas tributarias que quieran que ninguna plata les alcanza pobre colombia “banco de maquinaria adquirido en fue un mal negocio” a esta conclusión se llegó luego del debate realizado en la plenaria de la asamblea departamental y que fue liderado por el diputado jonathan duarte rojas quien desde la vigencia anterior venía m elfrente com co,,3000,9000,27,https://twitter.com/ingrodolfohdez/status/1369329597498748942,[]
Ing Rodolfo Hernandez !,@ingrodolfohdez,2021-03-09T01:03:04.000Z, envivo hable con el ingeniero aquí ing rodolfo hernández suarez día de la mujer facebook hable con el ingeniero programa facebook com,,12000,4000,12,https://twitter.com/ingrodolfohdez/status/1369091330509537280,[]
Ing Rodolfo Hernandez !,@ingrodolfohdez,2021-03-08T19:34:03.000Z,esta es la “ciudad de oportunidades” de ,,16000,20000,69,https://twitter.com/ingrodolfohdez/status/1369008531903553544,['@jcardenasrey']
Ing Rodolfo Hernandez !,@ingrodolfohdez,2021-03-08T18:12:59.000Z,esta noche a las pm en “hable con el ingeniero” les resuelvo las dudas citar tweet vanguardia mar política rodolfo hernández propone pagar sanción en su contra de millones en cuotas de mil mensuales qué opina ,,1000,3000,15,https://twitter.com/ingrodolfohdez/status/1368988129357598723,"['@vanguardiacom', '@ingrodolfohdez)']"
Ing Rodolfo Hernandez !,@ingrodolfohdez,2021-03-07T01:58:56.000Z, en colombia hay millones de mujeres maltratadas por la corrupción ,,1000,9000,54,https://twitter.com/ingrodolfohdez/status/1368380613728800768,[]
Ing Rodolfo Hernandez !,@ingrodolfohdez,2021-03-05T18:18:59.000Z, bukele los barrió ,,32000,58000,248,https://twitter.com/ingrodolfohdez/status/1367902478423965698,[]
Ing Rodolfo Hernandez !,@ingrodolfohdez,2021-03-07T01:58:56.000Z, en colombia hay millones de mujeres maltratadas por la corrupción mil reproducciones,,1000,9000,54,https://twitter.com/ingrodolfohdez/status/1368380613728800768,[]
Ing Rodolfo Hernandez !,@ingrodolfohdez,2021-03-04T19:52:06.000Z,duque está salvando a los que están salvados ,,6000,10000,52,https://twitter.com/ingrodolfohdez/status/1367563521966366724,"['@arturo_calle', '@revistasemana', '@wradiocolombia', '@mjduzan', '@canalrcn', '@elespectador', '@bluradioco', '@caracoltv', '@eltiempo', '@redmasnoticias', '@ultimahoracom', '@jsanchezcristo', '@vickydavilah', '@vanguardiacom', '@diarioelfrente', '@elheraldoco']"
Ing Rodolfo Hernandez !,@ingrodolfohdez,2021-03-04T18:46:23.000Z, reactivar a los más ricos no es reactivar la economía ,,15000,23000,87,https://twitter.com/ingrodolfohdez/status/1367546984387776519,[]
Ing Rodolfo Hernandez !,@ingrodolfohdez,2021-03-01T16:41:37.000Z,es un gran ejemplo para colombia citar tweet revista semana mar nicolas sarkozy expresidente francés condenado a tres años de cárcel ,,9000,10000,62,https://twitter.com/ingrodolfohdez/status/1366428420104720385,['@revistasemana']
Ing Rodolfo Hernandez !,@ingrodolfohdez,2021-03-01T12:12:59.000Z,nos vemos esta noche a las p m ,,8000,10000,59,https://twitter.com/ingrodolfohdez/status/1366360818703564801,[]
Ing Rodolfo Hernandez !,@ingrodolfohdez,2021-02-28T19:24:37.000Z,“juan carlos cárdenas lo único que sabe es tomar trago y decir mentiras” rodolfo hernández local política el frente“juan carlos cárdenas lo único que sabe es tomar trago y decir mentiras” rodolfo hernández sus opositores sobrepasan los linderos de la política y le acuñan epítetos de grueso calibre en todo caso impublicables entre los mas generosos corrupto mentiroso populista calificativos que él m elfrente com co,,34000,20000,53,https://twitter.com/ingrodolfohdez/status/1366107053257854977,[]
Ing Rodolfo Hernandez !,@ingrodolfohdez,2021-02-28T18:21:35.000Z, lodijoelinge,,16000,31000,197,https://twitter.com/ingrodolfohdez/status/1366091189703729153,[]
Ing Rodolfo Hernandez !,@ingrodolfohdez,2021-02-26T14:45:07.000Z,el capitalismo que propongo es el del premio nobel de economía joseph e stiglitz es el capitalismo de mi experiencia como empresario y el de mi sensibilidad humana orientada a la justicia social les recomiendo el libro ,,41000,81000,344,https://twitter.com/ingrodolfohdez/status/1365311939237335041,[]
Ing Rodolfo Hernandez !,@ingrodolfohdez,2021-02-25T15:45:31.000Z,capitalismo progresista significa que crezca el bienestar de toda la gente mil reproducciones,,24000,33000,153,https://twitter.com/ingrodolfohdez/status/1364964753597206535,[]
Ing Rodolfo Hernandez !,@ingrodolfohdez,2021-02-25T14:16:38.000Z,cuando la justicia actúa como una corporación los buenos jueces y los buenos fiscales son absorbidos por el sistema y deben responderle “al jefe” antes que a las causas que tienen en sus manos ,,8000,13000,76,https://twitter.com/ingrodolfohdez/status/1364942383406792709,[]
Ing Rodolfo Hernandez !,@ingrodolfohdez,2021-02-24T22:02:01.000Z, minutos con el ingenieroing rodolfo hernandez minutos con el ingeniero pscp tv,,11000,7000,44,https://twitter.com/ingrodolfohdez/status/1364697112940716032,['@ingrodolfohdez']
Ing Rodolfo Hernandez !,@ingrodolfohdez,2021-02-24T14:01:02.000Z, esnuestraculpaque nos sigan gobernando politiqueros ladrones y los pobres sean cada día mas pobres ,,7000,20000,71,https://twitter.com/ingrodolfohdez/status/1364576071853744132,[]
Ing Rodolfo Hernandez !,@ingrodolfohdez,2021-02-24T13:58:46.000Z,a esta altura hacer otra reforma tributaria en colombia es como cargar otro bulto mas en la espalda de un moribundo ,,8000,33000,138,https://twitter.com/ingrodolfohdez/status/1364575499608031236,[]
Ing Rodolfo Hernandez !,@ingrodolfohdez,2021-02-24T01:20:07.000Z,hoy me hicieron una muy grata invitación a la inauguración de la liga de baloncesto de santander talento deportivo es lo que tenemos en este país lástima que los políticos se roban la plata y los escenarios deportivos son una vergüenza vamos a seguir votando por ellos ,,20000,38000,298,https://twitter.com/ingrodolfohdez/status/1364384578551611393,[]
Ing Rodolfo Hernandez !,@ingrodolfohdez,2021-02-18T17:00:24.000Z, atención atención atención ,,5000,10000,38,https://twitter.com/ingrodolfohdez/status/1362446880723058691,[]
Ing Rodolfo Hernandez !,@ingrodolfohdez,2021-02-18T13:57:10.000Z, lodijoelinge,,10000,27000,121,https://twitter.com/ingrodolfohdez/status/1362400771531235331,[]
Ing Rodolfo Hernandez !,@ingrodolfohdez,2021-02-17T21:34:08.000Z,entrevista con laotraverdad ,,2000,5000,15,https://twitter.com/ingrodolfohdez/status/1362153380114751490,[]
Ing Rodolfo Hernandez !,@ingrodolfohdez,2021-02-17T11:43:18.000Z,hoy a las p m los espero ,,3000,9000,49,https://twitter.com/ingrodolfohdez/status/1362004693120073732,[]
Ing Rodolfo Hernandez !,@ingrodolfohdez,2021-02-16T15:03:49.000Z,los politiqueros se roban hasta la comida de los niños no más corrupción mil reproducciones,,27000,57000,193,https://twitter.com/ingrodolfohdez/status/1361692767341150208,[]
Ing Rodolfo Hernandez !,@ingrodolfohdez,2021-02-16T02:26:28.000Z,hable con el ingeniero sin interrupciones lunes de febrero primero lo nuestro primero los nuestros hable con el ingeniero sin interrupciones de febrero de youtube com,,4000,9000,26,https://twitter.com/ingrodolfohdez/status/1361502174623244293,[]
Ing Rodolfo Hernandez !,@ingrodolfohdez,2021-02-16T01:48:17.000Z,primero lo nuestro primero los nuestrosing rodolfo hernandez primero lo nuestro primero los nuestros pscp tv,,1000,5000,30,https://twitter.com/ingrodolfohdez/status/1361492564054970368,['@ingrodolfohdez']
Ing Rodolfo Hernandez !,@ingrodolfohdez,2021-02-16T01:47:06.000Z,primero lo nuestro primero los nuestrosesta transmisión finalizó ing rodolfo hernandez primero lo nuestro primero los nuestros pscp tv,,2000,2000,19,https://twitter.com/ingrodolfohdez/status/1361492266515193857,['@ingrodolfohdez']
Ing Rodolfo Hernandez !,@ingrodolfohdez,2021-02-16T01:18:15.000Z,primero lo nuestro primero los nuestrosing rodolfo hernandez primero lo nuestro primero los nuestros pscp tv,,4000,22000,69,https://twitter.com/ingrodolfohdez/status/1361485006477029379,['@ingrodolfohdez']
Ing Rodolfo Hernandez !,@ingrodolfohdez,2021-02-10T00:43:28.000Z,en respuesta a mi ,,127000,66000,1600,https://twitter.com/ingrodolfohdez/status/1359301927171981320,['@revistasemanapor']
Ing Rodolfo Hernandez !,@ingrodolfohdez,2021-02-09T23:04:40.000Z,el cáncer de colombia es la corrupción el despilfarro los lujos y la impunidad citar tweet revista semana feb el presidente duque dice que “el narcotráfico es el cáncer de colombia” ,,17000,30000,174,https://twitter.com/ingrodolfohdez/status/1359277063056809995,['@revistasemana']
Ing Rodolfo Hernandez !,@ingrodolfohdez,2021-02-09T19:40:29.000Z, feliz día del periodista diadelperiodista,,0,1000,33,https://twitter.com/ingrodolfohdez/status/1359225676130373632,[]
Ing Rodolfo Hernandez !,@ingrodolfohdez,2021-02-09T16:16:17.000Z,vendiendo la epm no se solucionan los problemas financieros del país se solucionan trancando la robadera,,27000,78000,446,https://twitter.com/ingrodolfohdez/status/1359174289543602177,[]
Ing Rodolfo Hernandez !,@ingrodolfohdez,2021-02-08T14:41:47.000Z, aestahora en entrevista con caracol radio noticias deportes y opinión en colombia infórmese aquí en vivo sobre todas las noticias de colombia y el mundo deportes fútbol colombiano entretenimiento salud tecnología última hora caracol com co,,1000,3000,13,https://twitter.com/ingrodolfohdez/status/1358788120527929344,['@caracolradio']
Ing Rodolfo Hernandez !,@ingrodolfohdez,2021-02-08T13:39:40.000Z,nos vemos esta noche a las p m ,,6000,18000,98,https://twitter.com/ingrodolfohdez/status/1358772487820050435,[]
Ing Rodolfo Hernandez !,@ingrodolfohdez,2021-02-07T16:25:41.000Z,“me lanzo a la presidencia porque soy capaz de acabar con la ladronera” ,,509000,783000,3700,https://twitter.com/ingrodolfohdez/status/1358451879253061637,['@revistasemana']
Ing Rodolfo Hernandez !,@ingrodolfohdez,2021-02-05T17:12:26.000Z,entrevista con ing rodolfo hernández suarez on facebook watch ing rodolfo hernández suarez was live facebook com,,3000,4000,13,https://twitter.com/ingrodolfohdez/status/1357738868238393346,"['@revistasemana', '@vickydavilah']"
Ing Rodolfo Hernandez !,@ingrodolfohdez,2021-02-05T16:39:03.000Z, lodijoelinge,,22000,54000,324,https://twitter.com/ingrodolfohdez/status/1357730468263849986,[]
Ing Rodolfo Hernandez !,@ingrodolfohdez,2021-02-05T16:17:43.000Z,entrevista con ing rodolfo hernández suarez on facebook watch entrevista con la w radio facebook com,,1000,5000,7,https://twitter.com/ingrodolfohdez/status/1357725096622833668,['@wradiocolombia']
Ing Rodolfo Hernandez !,@ingrodolfohdez,2021-02-05T16:17:41.000Z,para los politiqueros la función pública no es un servicio es un negocio,,20000,34000,137,https://twitter.com/ingrodolfohdez/status/1357725092390830091,[]
Ing Rodolfo Hernandez !,@ingrodolfohdez,2021-01-18T23:25:46.000Z, los bumangueses estamos esperando su respuesta sobre quién es federico olave avilan y cuál es la relación que tiene con alvaro rodríguez y el negocio que están haciendo en bucaramanga ,,12000,15000,26,https://twitter.com/ingrodolfohdez/status/1351309838278602757,"['@jcardenasrey', '@vickydavilah', '@jsanchezcristo', '@tobonsanin', '@eltiempo']"
Ing Rodolfo Hernandez !,@ingrodolfohdez,2021-01-16T02:24:03.000Z,en memoria de alejandro galvis un hombre de vanguardia,,6000,19000,232,https://twitter.com/ingrodolfohdez/status/1350267541977931776,[]
Ing Rodolfo Hernandez !,@ingrodolfohdez,2021-01-14T21:27:00.000Z,y también cuéntele a la ciudadanía quién es federico olave avilan acuérdese que las verdades a medias son las peores mentiras ,,9000,16000,69,https://twitter.com/ingrodolfohdez/status/1349830401217474565,[]
Ing Rodolfo Hernandez !,@ingrodolfohdez,2021-01-14T21:27:00.000Z, explíquele a la ciudadanía qué es onetech sas y por qué el de oct del días después de ser elegido con los votos de los ciudadanos usted se sale de la sociedad y en su reemplazo ingresa su hija nicol andrea cárdenas mantilla,,10000,26000,65,https://twitter.com/ingrodolfohdez/status/1349830399069990914,['@jcardenasrey']
Ing Rodolfo Hernandez !,@ingrodolfohdez,2021-01-14T21:27:00.000Z,las andanzas de el alcalde días después de ser electo,,35000,30000,95,https://twitter.com/ingrodolfohdez/status/1349830397702664194,['@jcardenasrey']
Ing Rodolfo Hernandez !,@ingrodolfohdez,2021-01-14T01:07:12.000Z, hace meses el ingeniero rodolfo hernández advirtió lo que iba a pasar con las vacunas ,,6000,48000,155,https://twitter.com/ingrodolfohdez/status/1349523427607109633,[]
Ing Rodolfo Hernandez !,@ingrodolfohdez,2021-01-10T01:02:33.000Z,si ser populista es ayudar a los pobres a salir de la pobreza soy populista así que sigan llamándome populista no es un insulto es un elogio ,,55000,74000,497,https://twitter.com/ingrodolfohdez/status/1348072704788877312,[]
Ing Rodolfo Hernandez !,@ingrodolfohdez,2021-01-08T00:23:01.000Z, lodijoelinge,,6000,18000,135,https://twitter.com/ingrodolfohdez/status/1347337979891748864,[]
Ing Rodolfo Hernandez !,@ingrodolfohdez,2021-01-07T16:11:38.000Z,dra maría juliana no permita que hagan la primera acción presupuestal contra todos los ciudadanos de bucaramanga corrija los índices de liquidez en los concursos de vigilancia en el isabu y garantice la pluralidad ,,13000,20000,67,https://twitter.com/ingrodolfohdez/status/1347214321370226689,[]
Ing Rodolfo Hernandez !,@ingrodolfohdez,2021-01-06T00:34:37.000Z,la colombia que queremos votar,,6000,24000,92,https://twitter.com/ingrodolfohdez/status/1346616125359067136,[]
Ing Rodolfo Hernandez !,@ingrodolfohdez,2021-01-04T17:52:35.000Z, alcaldesenvacacionessoncitar tweet w radio colombia ene siguelaw alcaldesenvacacionesson me parece que no es oportuno no es que no merezca las vacaciones pero no era conveniente rodolfo hernández exalcalde de bucaramanga mostrar este hilo,,6000,8000,37,https://twitter.com/ingrodolfohdez/status/1346152561888391168,"['@wradiocolombia', '@ingrodolfohdez)']"
Ing Rodolfo Hernandez !,@ingrodolfohdez,2021-01-06T00:34:37.000Z,la colombia que queremos votar mil reproducciones,,6000,24000,92,https://twitter.com/ingrodolfohdez/status/1346616125359067136,[]
